fecha,mei,nino12,nino3,nino34,nino4,oni,soi,fase
1961-01-01,,0.13,-0.34,-0.15,-0.26,0.04,-0.43,Neutral
1961-02-01,,0.64,0.1,0.04,-0.13,0.03,0.58,Neutral
1961-03-01,,-0.04,-0.13,-0.1,-0.28,0.04,-2.47,Neutral
1961-04-01,,-0.3,0.3,0.13,-0.36,0.09,1.15,Neutral
1961-05-01,,-0.26,0.06,-0.01,-0.23,0.23,0.18,Neutral
1961-06-01,,-0.26,0.09,0.1,-0.23,0.27,-0.53,Neutral
1961-07-01,,-0.86,-0.67,-0.32,-0.39,0.14,0.18,Neutral
1961-08-01,,-0.48,-0.59,-0.25,-0.39,-0.13,-0.16,Neutral
1961-09-01,,-0.71,-0.93,-0.52,-0.46,-0.3,0.11,Neutral
1961-10-01,,-0.45,-0.92,-0.71,-0.62,-0.26,-0.73,Neutral
1961-11-01,,-0.35,-0.32,-0.19,-0.47,-0.19,0.68,Neutral
1961-12-01,,-0.39,-0.32,-0.29,-0.59,-0.16,1.31,Neutral
1962-01-01,,-0.33,-0.17,-0.25,-0.76,-0.24,1.72,Neutral
1962-02-01,,-0.44,-0.13,-0.16,-0.42,-0.22,-0.41,Neutral
1962-03-01,,-1.4,-0.59,-0.41,-0.48,-0.2,-0.32,Neutral
1962-04-01,,-1.66,-0.77,-0.32,-0.26,-0.26,0.3,Neutral
1962-05-01,,-0.54,-0.73,-0.42,-0.41,-0.28,1.1,Neutral
1962-06-01,,-0.63,-0.55,-0.22,-0.23,-0.2,0.37,Neutral
1962-07-01,,-0.77,-0.39,-0.3,-0.38,-0.04,-0.04,Neutral
1962-08-01,,-0.31,-0.1,-0.13,-0.34,-0.07,0.26,Neutral
1962-09-01,,-0.28,-0.55,-0.56,-0.52,-0.11,0.53,Neutral
1962-10-01,,-0.89,-0.5,-0.33,-0.41,-0.22,0.95,Neutral
1962-11-01,,-0.86,-0.68,-0.43,-0.31,-0.31,0.27,Neutral
1962-12-01,,-1.24,-0.79,-0.49,-0.43,-0.43,-0.1,Neutral
1963-01-01,,-0.31,-0.37,-0.32,-0.45,-0.4,0.8,Neutral
1963-02-01,,-0.5,-0.37,-0.26,-0.25,-0.15,0.26,Neutral
1963-03-01,,-0.02,-0.0,-0.06,-0.23,0.15,0.66,Neutral
1963-04-01,,-0.54,-0.02,-0.06,-0.13,0.27,0.51,Neutral
1963-05-01,,0.1,0.06,-0.0,-0.14,0.31,0.14,Neutral
1963-06-01,,0.04,0.39,0.12,-0.38,0.52,-1.3,Niño
1963-07-01,,0.24,0.84,0.72,0.04,0.86,-0.13,Niño
1963-08-01,,0.54,0.9,0.9,0.27,1.14,-0.43,Niño
1963-09-01,,0.66,0.63,0.65,0.14,1.22,-0.6,Niño
1963-10-01,,0.32,0.78,0.84,0.4,1.29,-1.46,Niño
1963-11-01,,-0.0,0.67,0.75,0.42,1.37,-0.93,Niño
1963-12-01,,-0.14,0.96,1.05,0.4,1.31,-1.35,Niño
1964-01-01,,-0.63,0.44,0.76,0.29,1.07,-0.53,Niño
1964-02-01,,-1.03,0.03,0.55,0.34,0.62,-0.13,Niño
1964-03-01,,-1.0,-0.36,-0.16,-0.21,0.12,0.71,Neutral
1964-04-01,,-0.86,-1.03,-0.53,-0.18,-0.33,1.78,Neutral
1964-05-01,,-2.05,-1.38,-0.74,-0.38,-0.58,-0.02,Niña
1964-06-01,,-1.23,-1.23,-0.88,-0.65,-0.58,0.72,Niña
1964-07-01,,-1.12,-0.65,-0.65,-0.71,-0.6,0.62,Niña
1964-08-01,,-1.09,-1.03,-0.76,-0.89,-0.66,1.32,Niña
1964-09-01,,-0.34,-0.77,-0.93,-1.23,-0.76,1.29,Niña
1964-10-01,,-1.24,-0.92,-1.0,-1.19,-0.8,1.26,Niña
1964-11-01,,-0.74,-0.93,-1.1,-1.17,-0.82,-0.06,Niña
1964-12-01,,-0.98,-1.13,-1.07,-0.96,-0.78,-0.49,Niña
1965-01-01,,-0.43,-0.7,-0.57,-0.52,-0.59,-0.52,Niña
1965-02-01,,0.07,-0.36,-0.36,-0.46,-0.28,0.01,Neutral
1965-03-01,,0.61,-0.17,-0.34,-0.54,-0.07,0.24,Neutral
1965-04-01,,1.69,0.1,-0.09,-0.27,0.18,-1.34,Neutral
1965-05-01,,2.16,0.54,0.19,-0.2,0.46,-0.03,Neutral
1965-06-01,,1.98,0.71,0.45,-0.09,0.83,-1.63,Niño
1965-07-01,,1.72,0.94,0.81,0.07,1.22,-2.32,Niño
1965-08-01,,1.55,1.32,1.25,0.28,1.54,-1.37,Niño
1965-09-01,,1.07,1.25,1.26,0.3,1.85,-1.41,Niño
1965-10-01,,0.8,1.37,1.61,0.6,1.98,-1.22,Niño
1965-11-01,,0.84,1.43,1.54,0.7,1.97,-1.86,Niño
1965-12-01,,0.92,1.3,1.45,0.68,1.72,0.02,Niño
1966-01-01,,0.77,1.12,1.13,0.59,1.37,-1.36,Niño
1966-02-01,,-0.03,0.51,0.83,0.58,1.17,-0.54,Niño
1966-03-01,,-1.06,0.05,0.83,0.82,0.98,-1.75,Niño
1966-04-01,,-1.08,-0.02,0.54,0.35,0.66,-0.9,Niño
1966-05-01,,-0.76,-0.6,-0.06,0.25,0.35,-0.71,Neutral
1966-06-01,,-0.76,-0.32,0.14,0.21,0.24,0.14,Neutral
1966-07-01,,-0.35,-0.18,0.23,0.39,0.24,-0.15,Neutral
1966-08-01,,-0.35,-0.5,-0.1,0.24,0.12,0.19,Neutral
1966-09-01,,-0.44,-0.44,-0.05,0.13,-0.05,-0.24,Neutral
1966-10-01,,-0.43,-0.31,-0.05,0.01,-0.1,-0.33,Neutral
1966-11-01,,-0.58,-0.7,-0.37,-0.12,-0.18,-0.2,Neutral
1966-12-01,,-0.85,-0.69,-0.26,-0.08,-0.3,-0.61,Neutral
1967-01-01,,-0.82,-0.49,-0.55,-0.74,-0.41,1.52,Neutral
1967-02-01,,-0.4,-0.42,-0.56,-0.67,-0.48,1.2,Neutral
1967-03-01,,-0.66,-0.47,-0.47,-0.41,-0.53,0.65,Neutral
1967-04-01,,-0.26,-0.69,-0.53,-0.04,-0.45,-0.12,Neutral
1967-05-01,,-0.68,-0.41,-0.24,0.15,-0.24,-0.41,Neutral
1967-06-01,,-0.44,-0.12,-0.12,-0.04,-0.0,0.67,Neutral
1967-07-01,,-0.7,-0.42,-0.1,-0.09,0.05,0.18,Neutral
1967-08-01,,-1.14,-0.71,-0.31,-0.25,-0.16,0.44,Neutral
1967-09-01,,-1.18,-0.95,-0.59,-0.44,-0.3,0.44,Neutral
1967-10-01,,-1.53,-0.96,-0.38,-0.2,-0.38,-0.17,Neutral
1967-11-01,,-1.4,-0.92,-0.34,-0.1,-0.34,-0.57,Neutral
1967-12-01,,-1.56,-0.85,-0.35,-0.14,-0.44,-0.78,Neutral
1968-01-01,,-1.16,-1.16,-0.6,-0.25,-0.64,0.47,Neutral
1968-02-01,,-0.97,-1.32,-0.74,-0.03,-0.74,0.77,Neutral
1968-03-01,,-1.17,-1.18,-0.76,-0.41,-0.62,-0.56,Neutral
1968-04-01,,-1.32,-0.7,-0.47,-0.41,-0.44,-0.31,Neutral
1968-05-01,,-1.44,-0.85,-0.44,-0.36,-0.04,1.21,Neutral
1968-06-01,,-0.99,-0.09,0.19,-0.11,0.28,1.27,Neutral
1968-07-01,,-0.23,0.26,0.31,-0.1,0.58,0.77,Neutral
1968-08-01,,0.24,0.38,0.33,-0.03,0.53,-0.2,Neutral
1968-09-01,,0.8,0.29,0.05,-0.26,0.45,-0.36,Neutral
1968-10-01,,0.08,0.26,0.32,0.18,0.55,-0.35,Niño
1968-11-01,,-0.01,0.37,0.76,0.52,0.73,-0.44,Niño
1968-12-01,,0.28,0.56,0.76,0.48,0.98,0.13,Niño
1969-01-01,,-0.08,0.37,0.9,0.93,1.13,-1.36,Niño
1969-02-01,,-0.21,0.32,1.02,1.23,1.09,-0.85,Niño
1969-03-01,,0.79,0.42,0.61,0.67,0.95,-0.03,Niño
1969-04-01,,1.22,0.36,0.33,0.48,0.77,-0.9,Niño
1969-05-01,,1.91,0.65,0.39,0.32,0.61,-0.78,Niño
1969-06-01,,1.71,0.67,0.26,-0.03,0.43,-0.24,Neutral
1969-07-01,,0.62,0.3,0.1,0.01,0.36,-0.73,Neutral
1969-08-01,,0.12,0.6,0.52,0.36,0.51,-0.71,Niño
1969-09-01,,0.41,0.68,0.47,0.38,0.79,-1.1,Niño
1969-10-01,,0.98,0.82,0.66,0.38,0.86,-1.35,Niño
1969-11-01,,0.78,0.85,0.75,0.48,0.81,-0.18,Niño
1969-12-01,,0.72,0.86,0.68,0.53,0.63,0.24,Niño
1970-01-01,,0.45,0.66,0.55,0.37,0.51,-1.26,Niño
1970-02-01,,-0.44,0.13,0.36,0.4,0.34,-1.22,Neutral
1970-03-01,,-0.88,-0.1,0.26,0.27,0.29,0.06,Neutral
1970-04-01,,-0.72,-0.24,0.18,0.15,0.19,-0.56,Neutral
1970-05-01,,-0.88,-0.62,0.01,0.23,0.04,0.04,Neutral
1970-06-01,,-1.07,-0.86,-0.3,-0.07,-0.3,1.02,Neutral
1970-07-01,,-1.83,-1.68,-0.98,-0.24,-0.63,-0.52,Niña
1970-08-01,,-1.3,-1.49,-0.95,-0.49,-0.76,0.31,Niña
1970-09-01,,-0.89,-1.07,-0.78,-0.58,-0.77,1.18,Niña
1970-10-01,,-0.64,-0.87,-0.65,-0.69,-0.74,0.74,Niña
1970-11-01,,-0.99,-1.15,-0.85,-0.55,-0.86,1.85,Niña
1970-12-01,,-1.04,-1.26,-1.11,-0.97,-1.15,1.83,Niña
1971-01-01,,-1.08,-1.31,-1.47,-1.28,-1.36,0.23,Niña
1971-02-01,,-1.44,-1.42,-1.28,-1.0,-1.38,1.44,Niña
1971-03-01,,-0.97,-1.17,-1.29,-1.1,-1.12,1.98,Niña
1971-04-01,,-0.23,-0.78,-0.97,-0.74,-0.85,2.58,Niña
1971-05-01,,-0.95,-0.87,-0.82,-0.66,-0.73,0.88,Niña
1971-06-01,,-0.85,-0.81,-0.78,-0.74,-0.74,0.21,Niña
1971-07-01,,-0.52,-0.62,-0.64,-0.83,-0.8,0.17,Niña
1971-08-01,,-0.97,-0.81,-0.65,-0.87,-0.77,1.42,Niña
1971-09-01,,-0.69,-0.76,-0.75,-1.06,-0.82,1.51,Niña
1971-10-01,,-0.8,-1.08,-0.78,-0.61,-0.85,1.75,Niña
1971-11-01,,-0.79,-1.09,-0.85,-0.58,-0.96,0.55,Niña
1971-12-01,,-0.75,-1.15,-0.89,-0.47,-0.9,0.15,Niña
1972-01-01,,-0.15,-0.57,-0.58,-0.41,-0.71,0.33,Niña
1972-02-01,,0.41,-0.32,-0.22,-0.03,-0.35,0.67,Neutral
1972-03-01,,0.78,-0.2,-0.25,-0.01,0.06,0.13,Neutral
1972-04-01,,1.14,0.32,0.21,0.33,0.41,-0.46,Neutral
1972-05-01,,1.32,0.49,0.33,0.47,0.67,-1.52,Niño
1972-06-01,,2.25,0.93,0.66,0.35,0.92,-1.68,Niño
1972-07-01,,2.66,1.33,0.83,0.3,1.13,-1.84,Niño
1972-08-01,,2.88,2.02,1.3,0.19,1.37,-1.12,Niño
1972-09-01,,1.95,1.64,1.19,0.23,1.58,-1.48,Niño
1972-10-01,,1.72,1.92,1.77,0.72,1.84,-1.13,Niño
1972-11-01,,1.69,2.15,1.87,0.61,2.09,-0.38,Niño
1972-12-01,,1.91,2.44,2.19,0.89,2.12,-1.47,Niño
1973-01-01,,1.33,1.62,1.6,0.85,1.84,-0.43,Niño
1973-02-01,,0.06,0.81,1.08,0.61,1.25,-1.47,Niño
1973-03-01,,-0.37,0.31,0.58,0.44,0.54,-0.06,Niño
1973-04-01,,-0.82,-0.33,-0.07,-0.04,-0.1,-0.37,Neutral
1973-05-01,,-1.04,-0.89,-0.56,-0.08,-0.54,0.25,Niña
1973-06-01,,-0.91,-0.96,-0.86,-0.56,-0.87,1.22,Niña
1973-07-01,,-1.08,-1.25,-1.14,-0.75,-1.11,0.63,Niña
1973-08-01,,-1.29,-1.22,-1.21,-0.95,-1.28,1.18,Niña
1973-09-01,,-1.14,-1.18,-1.4,-1.21,-1.45,1.27,Niña
1973-10-01,,-0.98,-1.35,-1.58,-1.3,-1.71,0.85,Niña
1973-11-01,,-0.92,-1.59,-2.07,-1.58,-1.95,2.85,Niña
1973-12-01,,-1.05,-1.6,-2.18,-1.86,-2.03,1.76,Niña
1974-01-01,,-0.82,-1.58,-2.02,-1.72,-1.84,2.16,Niña
1974-02-01,,-0.8,-1.19,-1.5,-1.15,-1.55,1.49,Niña
1974-03-01,,-0.16,-0.94,-1.44,-1.15,-1.23,2.1,Niña
1974-04-01,,0.02,-0.57,-1.0,-0.94,-1.03,1.27,Niña
1974-05-01,,0.34,-0.37,-0.79,-0.76,-0.91,1.24,Niña
1974-06-01,,0.23,-0.22,-0.7,-0.81,-0.77,0.14,Niña
1974-07-01,,0.16,-0.22,-0.65,-0.9,-0.53,1.23,Niña
1974-08-01,,0.08,0.04,-0.32,-0.73,-0.37,0.56,Neutral
1974-09-01,,-0.44,-0.23,-0.35,-0.88,-0.41,1.16,Neutral
1974-10-01,,-1.17,-0.63,-0.75,-0.96,-0.61,0.72,Niña
1974-11-01,,-0.74,-0.75,-0.96,-1.02,-0.75,-0.42,Niña
1974-12-01,,-1.13,-0.74,-0.86,-0.9,-0.64,-0.14,Niña
1975-01-01,,-0.88,-0.44,-0.37,-0.7,-0.54,-0.62,Niña
1975-02-01,,-0.74,-0.5,-0.33,-0.35,-0.57,0.46,Niña
1975-03-01,,0.22,-0.44,-0.59,-0.6,-0.65,1.14,Niña
1975-04-01,,0.28,-0.27,-0.59,-0.72,-0.73,1.48,Niña
1975-05-01,,-0.47,-0.92,-1.0,-0.88,-0.83,0.51,Niña
1975-06-01,,-0.58,-1.1,-1.25,-1.02,-0.98,1.69,Niña
1975-07-01,,-0.32,-0.88,-1.24,-1.4,-1.13,2.13,Niña
1975-08-01,,-0.64,-0.63,-1.16,-1.62,-1.2,2.03,Niña
1975-09-01,,-1.04,-1.06,-1.44,-1.92,-1.37,2.15,Niña
1975-10-01,,-1.23,-1.22,-1.47,-1.93,-1.43,1.67,Niña
1975-11-01,,-1.59,-1.22,-1.46,-1.88,-1.55,1.25,Niña
1975-12-01,,-1.49,-1.54,-1.64,-1.88,-1.65,2.05,Niña
1976-01-01,,-0.88,-1.65,-1.8,-1.42,-1.56,1.19,Niña
1976-02-01,,-0.35,-1.02,-1.05,-0.97,-1.17,1.18,Niña
1976-03-01,,0.17,-0.57,-0.68,-0.59,-0.73,1.33,Niña
1976-04-01,,0.59,-0.23,-0.42,-0.51,-0.47,0.24,Neutral
1976-05-01,,0.81,-0.07,-0.49,-0.52,-0.28,0.5,Neutral
1976-06-01,,1.56,0.61,0.0,-0.46,-0.05,-0.16,Neutral
1976-07-01,,2.02,0.85,0.15,-0.49,0.18,-1.24,Neutral
1976-08-01,,1.81,0.97,0.31,-0.45,0.35,-1.46,Neutral
1976-09-01,,1.23,0.94,0.57,-0.05,0.62,-1.29,Niño
1976-10-01,,0.76,1.1,0.86,0.15,0.81,0.13,Niño
1976-11-01,,0.44,1.05,0.88,0.31,0.86,0.76,Niño
1976-12-01,,0.25,0.76,0.64,0.05,0.85,-0.48,Niño
1977-01-01,,0.29,0.95,0.84,0.04,0.71,-0.39,Niño
1977-02-01,,-0.14,0.61,0.55,0.09,0.64,0.65,Niño
1977-03-01,,-0.38,0.4,0.4,0.03,0.34,-1.2,Neutral
1977-04-01,,-0.68,-0.51,-0.25,-0.13,0.23,-1.17,Neutral
1977-05-01,,-0.45,-0.22,-0.03,-0.11,0.21,-1.18,Neutral
1977-06-01,,0.08,0.16,0.36,0.12,0.34,-2.33,Neutral
1977-07-01,,0.03,0.15,0.45,0.36,0.35,-1.45,Neutral
1977-08-01,,-0.52,-0.21,0.25,0.39,0.42,-1.42,Neutral
1977-09-01,,-0.5,0.01,0.44,0.49,0.57,-0.95,Niño
1977-10-01,,-0.19,0.55,0.89,0.48,0.73,-1.39,Niño
1977-11-01,,-0.29,0.58,1.03,0.62,0.81,-1.56,Niño
1977-12-01,,-0.56,0.53,1.09,0.73,0.79,-1.23,Niño
1978-01-01,,-0.07,0.44,0.72,0.48,0.69,-0.48,Niño
1978-02-01,,-0.35,0.23,0.51,0.38,0.42,-2.63,Neutral
1978-03-01,,-0.77,-0.14,0.06,0.03,0.06,-0.82,Neutral
1978-04-01,,-0.37,-0.72,-0.37,-0.08,-0.18,-0.88,Neutral
1978-05-01,,-0.54,-0.81,-0.5,-0.06,-0.31,1.5,Neutral
1978-06-01,,-0.86,-0.7,-0.45,-0.33,-0.29,0.4,Neutral
1978-07-01,,-0.4,-0.72,-0.48,-0.25,-0.36,0.53,Neutral
1978-08-01,,-0.64,-0.72,-0.62,-0.37,-0.42,0.12,Neutral
1978-09-01,,-0.3,-0.47,-0.6,-0.45,-0.42,0.06,Neutral
1978-10-01,,-0.43,-0.14,-0.34,-0.31,-0.29,-0.76,Neutral
1978-11-01,,0.04,-0.02,-0.15,-0.16,-0.08,-0.28,Neutral
1978-12-01,,0.23,0.26,0.07,-0.1,0.0,-0.21,Neutral
1979-01-01,0.46,0.23,-0.09,0.05,0.18,0.03,-0.45,Neutral
1979-02-01,0.29,-0.58,-0.2,0.09,0.3,0.07,0.61,Neutral
1979-03-01,-0.05,-0.25,-0.08,0.13,0.22,0.2,-0.49,Neutral
1979-04-01,0.22,0.51,0.24,0.17,0.07,0.28,-0.65,Neutral
1979-05-01,0.27,0.27,0.08,-0.09,-0.13,0.23,0.46,Neutral
1979-06-01,-0.11,0.76,0.3,0.04,-0.15,0.05,0.58,Neutral
1979-07-01,-0.1,0.45,-0.04,-0.2,-0.06,0.04,-0.76,Neutral
1979-08-01,0.47,0.5,0.47,0.21,-0.13,0.17,-0.69,Neutral
1979-09-01,0.38,1.02,0.81,0.48,-0.15,0.33,0.11,Neutral
1979-10-01,0.23,0.67,0.57,0.32,0.02,0.45,-0.37,Neutral
1979-11-01,0.53,0.12,0.52,0.35,0.06,0.52,-0.61,Neutral
1979-12-01,0.63,-0.34,0.58,0.69,0.5,0.64,-0.9,Neutral
1980-01-01,0.33,-0.1,0.42,0.55,0.44,0.59,0.28,Neutral
1980-02-01,0.21,-0.25,0.02,0.33,0.6,0.46,-0.02,Neutral
1980-03-01,0.39,0.02,-0.13,0.09,0.4,0.34,-1.06,Neutral
1980-04-01,0.5,-0.0,0.04,0.2,0.3,0.38,-1.6,Neutral
1980-05-01,0.45,0.25,0.07,0.13,0.35,0.48,-0.35,Neutral
1980-06-01,0.55,0.21,0.35,0.37,0.24,0.46,-0.68,Neutral
1980-07-01,0.47,-0.44,-0.1,0.02,0.17,0.25,-0.14,Neutral
1980-08-01,0.03,-0.44,-0.18,-0.23,-0.09,0.03,-0.06,Neutral
1980-09-01,0.12,-0.11,-0.04,-0.12,-0.1,-0.07,-0.54,Neutral
1980-10-01,0.03,-0.52,-0.26,-0.11,0.1,0.02,-0.34,Neutral
1980-11-01,-0.08,-0.68,0.01,0.1,0.27,0.11,-0.47,Neutral
1980-12-01,-0.12,-1.13,0.2,0.36,0.13,-0.01,-0.21,Neutral
1981-01-01,-0.35,-1.29,-0.74,-0.46,-0.11,-0.26,0.27,Neutral
1981-02-01,-0.23,-0.83,-0.65,-0.45,-0.03,-0.5,-0.47,Neutral
1981-03-01,0.33,-0.19,-0.24,-0.02,0.18,-0.47,-2.01,Neutral
1981-04-01,0.42,-0.31,-0.33,-0.17,-0.08,-0.37,-0.6,Neutral
1981-05-01,-0.24,-0.22,-0.21,-0.11,-0.05,-0.26,0.82,Neutral
1981-06-01,-0.69,-0.06,-0.03,-0.15,-0.28,-0.29,1.28,Neutral
1981-07-01,-0.6,-0.56,-0.34,-0.43,-0.42,-0.3,0.87,Neutral
1981-08-01,-0.33,-0.55,-0.32,-0.18,-0.31,-0.25,0.4,Neutral
1981-09-01,-0.06,-0.24,0.04,-0.07,-0.17,-0.16,0.52,Neutral
1981-10-01,-0.16,-0.52,0.11,-0.03,-0.13,-0.13,-0.71,Neutral
1981-11-01,-0.27,-0.55,-0.1,-0.27,-0.11,-0.15,0.07,Neutral
1981-12-01,-0.2,-0.17,0.29,0.07,0.1,-0.08,0.41,Neutral
1982-01-01,-0.43,-0.12,0.2,-0.04,-0.13,-0.05,0.87,Neutral
1982-02-01,-0.5,-0.35,0.01,-0.13,-0.06,0.07,-0.03,Neutral
1982-03-01,-0.28,-0.72,-0.11,-0.02,0.18,0.19,0.05,Neutral
1982-04-01,-0.37,-0.51,0.2,0.24,0.37,0.47,-0.46,Neutral
1982-05-01,-0.11,0.08,0.63,0.65,0.52,0.66,-0.74,Niño
1982-06-01,0.63,0.27,0.89,0.92,0.62,0.72,-2.49,Niño
1982-07-01,1.65,0.6,0.62,0.64,0.22,0.79,-1.89,Niño
1982-08-01,1.91,1.09,1.12,0.93,0.26,1.07,-2.66,Niño
1982-09-01,1.68,2.01,1.81,1.39,0.38,1.58,-2.12,Niño
1982-10-01,1.77,2.28,2.34,2.0,0.85,1.97,-2.2,Niño
1982-11-01,2.13,3.08,2.69,2.07,0.62,2.18,-3.25,Niño
1982-12-01,2.36,3.2,3.07,2.33,0.66,2.23,-2.48,Niño
1983-01-01,2.47,2.73,2.9,2.43,0.76,2.18,-3.36,Niño
1983-02-01,2.66,2.03,2.44,2.22,0.73,1.92,-3.46,Niño
1983-03-01,2.6,2.34,2.01,1.69,0.52,1.54,-3.25,Niño
1983-04-01,2.75,3.36,1.73,1.12,0.26,1.29,-1.41,Niño
1983-05-01,2.85,4.1,1.96,1.12,0.29,1.06,0.79,Niño
1983-06-01,1.96,4.56,1.74,0.62,0.03,0.72,-0.58,Niño
1983-07-01,0.63,3.93,1.03,-0.11,-0.34,0.31,-0.7,Neutral
1983-08-01,-0.17,3.11,0.83,-0.13,-0.36,-0.08,-0.37,Neutral
1983-09-01,-0.5,2.07,0.18,-0.5,-0.64,-0.46,0.91,Neutral
1983-10-01,-0.53,1.02,-0.49,-1.03,-0.86,-0.81,0.34,Neutral
1983-11-01,-0.47,0.56,-0.79,-1.13,-0.89,-1.0,-0.12,Neutral
1983-12-01,-0.5,0.22,-0.62,-0.95,-0.68,-0.91,-0.17,Neutral
1984-01-01,-0.55,-0.29,-0.61,-0.8,-0.7,-0.6,-0.03,Neutral
1984-02-01,-0.56,-0.77,-0.44,-0.53,-0.65,-0.42,0.43,Neutral
1984-03-01,-0.17,-0.41,-0.25,-0.48,-0.76,-0.34,-0.85,Neutral
1984-04-01,0.06,-0.25,-0.43,-0.6,-0.85,-0.43,0.39,Neutral
1984-05-01,-0.46,-1.11,-0.77,-0.64,-0.85,-0.51,-0.03,Neutral
1984-06-01,-0.69,-0.92,-1.1,-0.9,-0.78,-0.45,-1.22,Neutral
1984-07-01,-0.35,-0.54,-0.59,-0.4,-0.51,-0.3,0.12,Neutral
1984-08-01,-0.19,-0.52,-0.5,-0.4,-0.57,-0.16,0.1,Neutral
1984-09-01,-0.14,-0.36,-0.39,-0.35,-0.34,-0.24,0.17,Neutral
1984-10-01,-0.19,-0.61,-0.86,-0.83,-0.7,-0.56,-0.61,Niña
1984-11-01,-0.58,-0.18,-0.98,-1.18,-0.9,-0.92,0.12,Niña
1984-12-01,-0.29,-0.5,-1.36,-1.53,-1.11,-1.14,-0.24,Niña
1985-01-01,-0.26,-0.77,-1.01,-0.89,-0.53,-1.04,-0.55,Niña
1985-02-01,-0.58,-1.13,-1.02,-0.91,-0.6,-0.85,0.79,Niña
1985-03-01,-0.6,-0.59,-0.94,-0.96,-0.78,-0.77,0.2,Niña
1985-04-01,-0.77,-1.38,-0.98,-0.98,-0.84,-0.78,1.42,Niña
1985-05-01,-1.23,-1.41,-1.11,-0.9,-0.75,-0.78,-0.15,Niña
1985-06-01,-0.67,-1.25,-0.85,-0.76,-0.74,-0.63,-1.39,Niña
1985-07-01,-0.1,-1.04,-0.9,-0.61,-0.43,-0.49,-0.2,Neutral
1985-08-01,-0.49,-1.02,-0.79,-0.49,-0.3,-0.46,0.66,Neutral
1985-09-01,-0.56,-0.83,-0.74,-0.57,-0.3,-0.4,0.0,Neutral
1985-10-01,-0.08,-0.82,-0.84,-0.64,-0.28,-0.35,-0.76,Neutral
1985-11-01,-0.06,-0.92,-0.68,-0.43,-0.17,-0.27,-0.35,Neutral
1985-12-01,-0.42,-0.75,-0.67,-0.4,-0.08,-0.36,0.12,Neutral
1986-01-01,-0.4,-0.59,-0.82,-0.79,-0.37,-0.49,0.82,Neutral
1986-02-01,-0.34,-0.35,-0.54,-0.64,-0.23,-0.47,-1.28,Neutral
1986-03-01,-0.39,-0.84,-0.47,-0.51,-0.33,-0.31,-0.09,Neutral
1986-04-01,-0.53,-0.86,-0.45,-0.41,-0.27,-0.2,0.11,Neutral
1986-05-01,-0.26,-0.82,-0.63,-0.47,-0.22,-0.12,-0.63,Neutral
1986-06-01,0.02,-0.9,-0.27,-0.08,0.05,-0.04,1.01,Neutral
1986-07-01,0.41,-0.14,0.03,0.16,0.15,0.22,0.24,Neutral
1986-08-01,0.97,0.17,-0.03,0.24,0.32,0.44,-0.85,Neutral
1986-09-01,1.29,-0.13,0.32,0.59,0.49,0.71,-0.53,Niño
1986-10-01,0.56,0.14,0.77,0.9,0.56,0.94,0.54,Niño
1986-11-01,0.64,0.28,0.88,1.04,0.66,1.14,-1.57,Niño
1986-12-01,1.06,0.53,0.74,0.98,0.58,1.22,-1.64,Niño
1987-01-01,1.03,0.77,1.04,1.19,0.6,1.23,-0.75,Niño
1987-02-01,1.16,1.02,0.98,1.17,0.8,1.19,-1.41,Niño
1987-03-01,1.57,1.15,1.05,1.24,0.86,1.06,-2.03,Niño
1987-04-01,1.75,1.51,0.95,0.89,0.52,0.95,-2.69,Niño
1987-05-01,1.97,1.35,1.07,0.91,0.56,0.97,-2.12,Niño
1987-06-01,2.07,1.06,1.12,1.24,0.76,1.22,-2.69,Niño
1987-07-01,1.88,1.19,1.34,1.34,0.68,1.51,-1.82,Niño
1987-08-01,1.46,0.91,1.43,1.48,0.71,1.7,-1.67,Niño
1987-09-01,1.26,1.31,1.63,1.53,0.83,1.65,-1.13,Niño
1987-10-01,1.18,1.5,1.23,1.36,0.94,1.48,-0.69,Niño
1987-11-01,0.91,0.9,1.16,1.29,1.01,1.25,-0.07,Niño
1987-12-01,0.79,0.89,1.07,1.05,0.94,1.11,-0.66,Niño
1988-01-01,0.63,0.09,0.51,0.69,0.67,0.81,-0.31,Niño
1988-02-01,0.33,-0.27,0.09,0.35,0.44,0.54,-0.65,Niño
1988-03-01,0.17,-0.52,0.1,0.29,0.31,0.14,0.13,Neutral
1988-04-01,-0.01,-0.9,-0.75,-0.49,-0.26,-0.31,-0.03,Neutral
1988-05-01,-0.39,-1.08,-1.3,-1.05,-0.58,-0.88,1.09,Niña
1988-06-01,-1.18,-1.96,-1.85,-1.46,-0.77,-1.3,-0.2,Niña
1988-07-01,-1.77,-1.54,-1.77,-1.54,-0.92,-1.3,1.17,Niña
1988-08-01,-1.81,-1.59,-1.56,-1.44,-0.89,-1.11,1.36,Niña
1988-09-01,-1.81,-1.43,-1.4,-1.33,-1.03,-1.19,1.92,Niña
1988-10-01,-1.6,-1.26,-1.86,-2.09,-1.58,-1.48,1.35,Niña
1988-11-01,-1.71,-0.65,-1.84,-2.18,-1.65,-1.8,1.92,Niña
1988-12-01,-1.55,-0.97,-1.76,-1.98,-1.59,-1.85,1.09,Niña
1989-01-01,-1.12,-0.28,-1.39,-1.95,-1.61,-1.69,1.31,Niña
1989-02-01,-1.1,0.05,-0.79,-1.37,-1.36,-1.43,0.8,Niña
1989-03-01,-1.24,-0.45,-1.04,-1.33,-1.25,-1.08,0.59,Niña
1989-04-01,-1.09,-0.49,-0.88,-1.11,-0.97,-0.83,2.18,Niña
1989-05-01,-1.03,-1.16,-0.78,-0.8,-0.74,-0.58,1.45,Niña
1989-06-01,-1.0,-0.73,-0.42,-0.64,-0.84,-0.4,0.81,Neutral
1989-07-01,-1.08,-0.44,-0.27,-0.47,-0.58,-0.31,0.95,Neutral
1989-08-01,-0.66,-0.46,-0.51,-0.58,-0.61,-0.27,-0.82,Neutral
1989-09-01,-0.53,-0.47,-0.32,-0.38,-0.38,-0.24,0.52,Neutral
1989-10-01,-0.49,-0.29,-0.36,-0.4,-0.38,-0.22,0.61,Neutral
1989-11-01,-0.36,-0.38,-0.34,-0.3,-0.27,-0.16,-0.38,Neutral
1989-12-01,-0.07,-0.43,-0.36,-0.13,0.1,-0.05,-0.62,Neutral
1990-01-01,0.13,-0.33,-0.27,0.02,0.23,0.14,-0.21,Neutral
1990-02-01,0.45,-0.27,0.14,0.36,0.43,0.21,-1.79,Neutral
1990-03-01,0.61,-0.41,-0.12,0.2,0.44,0.28,-1.09,Neutral
1990-04-01,0.17,-0.33,0.14,0.26,0.29,0.29,-0.01,Neutral
1990-05-01,0.08,-0.23,0.24,0.32,0.24,0.29,1.41,Neutral
1990-06-01,0.04,-0.05,0.01,0.0,0.1,0.31,-0.07,Neutral
1990-07-01,0.13,-0.87,-0.08,0.15,0.27,0.33,0.57,Neutral
1990-08-01,0.02,-0.61,-0.0,0.17,0.35,0.38,-0.71,Neutral
1990-09-01,0.23,-0.28,0.11,0.12,0.26,0.39,-0.78,Neutral
1990-10-01,-0.06,-0.73,-0.06,0.13,0.42,0.35,-0.17,Neutral
1990-11-01,0.12,-0.55,-0.12,0.08,0.37,0.4,-0.68,Neutral
1990-12-01,0.31,-0.44,-0.03,0.32,0.64,0.41,-0.38,Neutral
1991-01-01,0.19,-0.09,0.18,0.51,0.66,0.41,0.45,Neutral
1991-02-01,0.09,-0.1,0.03,0.32,0.6,0.26,-0.06,Neutral
1991-03-01,0.21,0.0,0.0,0.1,0.43,0.22,-1.35,Neutral
1991-04-01,0.2,-0.68,-0.09,0.21,0.55,0.26,-1.55,Neutral
1991-05-01,0.36,-0.01,0.37,0.44,0.56,0.45,-1.74,Neutral
1991-06-01,0.97,0.24,0.68,0.65,0.58,0.64,-0.79,Niño
1991-07-01,0.91,0.6,0.74,0.62,0.5,0.73,-0.07,Niño
1991-08-01,0.37,0.0,0.29,0.43,0.51,0.64,-1.07,Niño
1991-09-01,0.53,0.16,0.1,0.22,0.31,0.62,-1.64,Niño
1991-10-01,0.97,0.42,0.64,0.91,0.72,0.79,-1.55,Niño
1991-11-01,1.04,0.64,1.03,1.14,0.7,1.21,-0.77,Niño
1991-12-01,1.23,0.45,1.32,1.62,0.82,1.53,-2.02,Niño
1992-01-01,1.68,0.36,1.39,1.61,0.65,1.71,-2.85,Niño
1992-02-01,1.59,0.44,1.21,1.62,0.88,1.63,-1.05,Niño
1992-03-01,1.72,0.92,1.19,1.5,0.86,1.48,-2.85,Niño
1992-04-01,1.98,1.72,1.32,1.41,0.76,1.29,-2.06,Niño
1992-05-01,1.68,1.83,1.38,1.27,0.72,1.06,0.06,Niño
1992-06-01,1.51,0.71,0.45,0.53,0.38,0.73,-1.82,Niño
1992-07-01,0.61,-0.05,-0.01,0.27,0.38,0.37,-0.63,Neutral
1992-08-01,-0.02,-0.24,-0.35,-0.15,0.15,0.09,-0.01,Neutral
1992-09-01,0.4,-0.5,-0.35,-0.14,0.11,-0.13,0.06,Neutral
1992-10-01,0.67,-0.26,-0.34,-0.35,0.02,-0.25,-2.03,Neutral
1992-11-01,0.62,-0.25,-0.29,-0.14,0.11,-0.28,-0.84,Neutral
1992-12-01,0.73,-0.31,-0.26,0.04,0.29,-0.13,-0.71,Neutral
1993-01-01,0.79,0.03,-0.06,0.28,0.47,0.09,-0.93,Neutral
1993-02-01,0.9,0.2,0.24,0.42,0.47,0.3,-0.96,Neutral
1993-03-01,0.77,0.53,0.36,0.47,0.37,0.5,-1.13,Neutral
1993-04-01,0.99,0.83,0.92,0.92,0.52,0.67,-2.29,Neutral
1993-05-01,1.48,1.13,1.05,0.93,0.52,0.7,-0.59,Neutral
1993-06-01,1.52,0.88,0.63,0.64,0.41,0.57,-2.18,Neutral
1993-07-01,0.9,0.32,0.13,0.33,0.38,0.32,-1.06,Neutral
1993-08-01,0.6,0.21,0.01,0.16,0.31,0.25,-1.73,Neutral
1993-09-01,0.61,0.12,0.09,0.26,0.38,0.15,-0.78,Neutral
1993-10-01,0.96,0.32,0.21,0.36,0.32,0.1,-1.57,Neutral
1993-11-01,0.71,-0.23,0.11,0.28,0.43,0.04,-0.13,Neutral
1993-12-01,0.27,-0.29,-0.0,0.19,0.37,0.06,0.07,Neutral
1994-01-01,-0.01,-0.07,-0.04,0.04,0.19,0.06,-0.25,Neutral
1994-02-01,-0.21,-0.33,-0.29,-0.16,0.03,0.07,-0.06,Neutral
1994-03-01,-0.22,-1.13,-0.36,-0.06,0.11,0.17,-1.35,Neutral
1994-04-01,0.02,-1.22,-0.43,0.03,0.25,0.31,-2.63,Neutral
1994-05-01,-0.02,-0.91,-0.21,0.14,0.27,0.42,-1.26,Neutral
1994-06-01,0.26,-0.59,-0.02,0.27,0.37,0.41,-1.46,Neutral
1994-07-01,0.96,-0.82,-0.38,0.16,0.59,0.44,-1.7,Neutral
1994-08-01,0.88,-0.9,-0.19,0.52,0.79,0.43,-2.03,Neutral
1994-09-01,1.1,-0.05,0.01,0.4,0.58,0.55,-1.7,Niño
1994-10-01,1.52,0.65,0.62,0.9,0.79,0.74,-1.58,Niño
1994-11-01,1.01,0.59,0.85,1.14,0.94,1.01,-0.81,Niño
1994-12-01,0.92,0.68,0.94,1.21,0.91,1.09,-1.41,Niño
1995-01-01,0.83,0.91,0.84,1.1,0.91,0.96,-0.51,Niño
1995-02-01,0.54,0.24,0.58,0.87,0.9,0.72,-0.35,Niño
1995-03-01,0.18,-0.57,0.06,0.49,0.82,0.53,0.24,Niño
1995-04-01,0.14,-0.99,-0.23,0.27,0.55,0.3,-1.72,Neutral
1995-05-01,0.14,-1.01,-0.53,0.03,0.49,0.14,-0.91,Neutral
1995-06-01,0.02,-0.53,-0.23,0.08,0.43,-0.03,-0.31,Neutral
1995-07-01,-0.28,-0.25,-0.1,0.03,0.25,-0.24,0.44,Neutral
1995-08-01,-0.71,-0.52,-0.58,-0.38,0.04,-0.54,-0.11,Niña
1995-09-01,-0.94,-0.28,-0.7,-0.57,-0.09,-0.81,0.28,Niña
1995-10-01,-0.74,-0.41,-0.73,-0.72,-0.28,-0.97,-0.34,Niña
1995-11-01,-0.77,-0.26,-0.75,-0.78,-0.3,-1.0,-0.02,Niña
1995-12-01,-0.9,-0.69,-0.74,-0.72,-0.24,-0.98,-0.72,Niña
1996-01-01,-0.85,-0.61,-0.58,-0.65,-0.35,-0.9,0.82,Niña
1996-02-01,-0.8,-0.32,-0.53,-0.66,-0.31,-0.75,-0.02,Niña
1996-03-01,-0.66,-0.07,-0.29,-0.48,-0.2,-0.59,0.53,Niña
1996-04-01,-0.76,-1.28,-0.55,-0.34,-0.18,-0.39,0.91,Neutral
1996-05-01,-0.85,-0.81,-0.53,-0.4,-0.22,-0.31,0.46,Neutral
1996-06-01,-0.91,-1.07,-0.34,-0.12,-0.04,-0.3,1.6,Neutral
1996-07-01,-0.83,-0.98,-0.26,-0.14,-0.18,-0.27,0.7,Neutral
1996-08-01,-0.64,-0.46,-0.28,-0.3,-0.28,-0.32,0.33,Neutral
1996-09-01,-0.32,-0.53,-0.33,-0.34,-0.26,-0.35,0.66,Neutral
1996-10-01,-0.37,-0.8,-0.39,-0.28,-0.19,-0.4,0.26,Neutral
1996-11-01,-0.34,-0.79,-0.49,-0.3,-0.08,-0.45,-0.21,Neutral
1996-12-01,-0.47,-1.03,-0.8,-0.43,0.03,-0.49,0.71,Neutral
1997-01-01,-0.65,-0.56,-0.7,-0.43,0.1,-0.5,0.29,Neutral
1997-02-01,-0.71,-0.03,-0.39,-0.24,0.19,-0.36,1.21,Neutral
1997-03-01,-0.3,0.82,0.06,-0.06,0.2,-0.1,-1.09,Neutral
1997-04-01,0.15,0.98,0.28,0.34,0.53,0.28,-1.55,Neutral
1997-05-01,0.71,2.16,1.07,0.87,0.67,0.75,-2.41,Niño
1997-06-01,2.34,3.17,1.68,1.15,0.53,1.22,-3.02,Niño
1997-07-01,2.27,3.63,2.27,1.6,0.71,1.6,-0.91,Niño
1997-08-01,2.27,3.98,2.75,1.94,0.76,1.9,-2.31,Niño
1997-09-01,2.2,4.05,2.85,2.1,0.86,2.14,-1.55,Niño
1997-10-01,2.06,4.0,3.11,2.29,0.83,2.33,-1.69,Niño
1997-11-01,2.14,4.12,3.22,2.42,0.94,2.4,-1.31,Niño
1997-12-01,2.11,4.27,3.24,2.3,0.78,2.39,-1.12,Niño
1998-01-01,2.29,3.55,3.03,2.42,0.91,2.24,-2.53,Niño
1998-02-01,2.45,2.88,2.5,2.08,0.85,1.93,-1.97,Niño
1998-03-01,2.28,2.88,2.03,1.49,0.51,1.44,-3.31,Niño
1998-04-01,2.61,3.0,1.51,0.9,0.23,0.99,-2.8,Niño
1998-05-01,2.32,3.01,1.25,0.68,0.19,0.45,0.17,Neutral
1998-06-01,0.41,2.0,0.09,-0.39,-0.27,-0.13,1.05,Neutral
1998-07-01,-1.54,1.31,-0.17,-0.73,-0.45,-0.78,1.49,Niña
1998-08-01,-1.82,0.94,-0.27,-0.83,-0.64,-1.12,0.83,Niña
1998-09-01,-1.4,0.31,-0.46,-0.82,-0.7,-1.31,1.04,Niña
1998-10-01,-1.29,0.12,-0.74,-1.19,-1.02,-1.35,1.01,Niña
1998-11-01,-1.34,-0.21,-0.71,-1.23,-1.1,-1.48,1.01,Niña
1998-12-01,-1.29,-0.14,-1.0,-1.51,-1.24,-1.57,1.32,Niña
1999-01-01,-1.28,-0.23,-0.97,-1.53,-1.5,-1.55,1.58,Niña
1999-02-01,-1.2,0.05,-0.77,-1.41,-1.43,-1.3,0.58,Niña
1999-03-01,-1.15,0.3,-0.37,-0.92,-1.02,-1.07,0.78,Niña
1999-04-01,-1.17,-0.78,-0.63,-0.81,-0.88,-0.98,2.1,Niña
1999-05-01,-1.34,-0.43,-0.59,-0.87,-0.84,-1.02,0.44,Niña
1999-06-01,-1.26,-0.55,-0.69,-0.95,-0.78,-1.04,0.0,Niña
1999-07-01,-1.17,-0.65,-0.64,-0.84,-0.82,-1.1,0.52,Niña
1999-08-01,-1.03,-0.51,-0.74,-0.98,-0.92,-1.11,-0.03,Niña
1999-09-01,-1.15,-0.97,-0.94,-0.84,-0.76,-1.16,-0.07,Niña
1999-10-01,-1.33,-0.76,-1.16,-1.03,-0.84,-1.26,0.95,Niña
1999-11-01,-1.33,-1.11,-1.42,-1.41,-1.05,-1.46,1.22,Niña
1999-12-01,-1.43,-1.06,-1.46,-1.54,-1.2,-1.65,1.37,Niña
2000-01-01,-1.25,-0.89,-1.71,-1.79,-1.35,-1.66,0.47,Niña
2000-02-01,-1.26,-0.47,-1.15,-1.53,-1.38,-1.41,1.24,Niña
2000-03-01,-1.37,-0.56,-0.82,-1.26,-1.34,-1.07,0.88,Niña
2000-04-01,-0.9,0.46,-0.3,-0.8,-1.1,-0.81,1.76,Niña
2000-05-01,-0.94,-0.29,-0.5,-0.8,-0.92,-0.71,0.42,Niña
2000-06-01,-1.18,-0.65,-0.75,-0.75,-0.67,-0.64,-0.87,Niña
2000-07-01,-0.61,-0.57,-0.58,-0.57,-0.58,-0.55,-0.34,Niña
2000-08-01,-0.08,-0.59,-0.38,-0.36,-0.44,-0.51,0.48,Niña
2000-09-01,-0.36,-0.34,-0.31,-0.39,-0.4,-0.55,0.97,Niña
2000-10-01,-0.52,-0.49,-0.48,-0.55,-0.48,-0.63,0.87,Niña
2000-11-01,-0.86,-0.7,-0.72,-0.75,-0.52,-0.75,2.02,Niña
2000-12-01,-0.79,-0.55,-0.72,-0.92,-0.8,-0.74,0.77,Niña
2001-01-01,-0.84,-0.76,-0.71,-0.88,-0.82,-0.68,0.78,Niña
2001-02-01,-0.86,-0.33,-0.4,-0.63,-0.77,-0.52,1.0,Niña
2001-03-01,-0.78,0.35,-0.1,-0.48,-0.61,-0.44,0.46,Neutral
2001-04-01,-0.55,0.42,-0.03,-0.3,-0.33,-0.34,-0.18,Neutral
2001-05-01,-0.52,-0.64,-0.31,-0.3,-0.23,-0.25,-0.84,Neutral
2001-06-01,-0.73,-0.86,-0.24,-0.11,-0.05,-0.12,-0.19,Neutral
2001-07-01,0.03,-0.7,-0.17,0.01,0.17,-0.08,-0.27,Neutral
2001-08-01,0.38,-0.77,-0.28,-0.07,0.21,-0.13,-1.01,Neutral
2001-09-01,-0.06,-1.2,-0.67,-0.28,0.29,-0.19,0.11,Neutral
2001-10-01,-0.23,-1.14,-0.53,-0.26,0.16,-0.29,-0.38,Neutral
2001-11-01,-0.28,-0.94,-0.59,-0.28,0.16,-0.35,0.64,Neutral
2001-12-01,0.06,-1.12,-0.64,-0.46,0.01,-0.31,-1.06,Neutral
2002-01-01,0.09,-0.94,-0.49,-0.14,0.27,-0.15,0.2,Neutral
2002-02-01,-0.26,-0.3,-0.2,0.0,0.25,0.03,0.64,Neutral
2002-03-01,-0.2,0.62,0.2,0.11,0.26,0.09,-0.81,Neutral
2002-04-01,-0.36,0.33,0.06,0.14,0.37,0.2,-0.48,Neutral
2002-05-01,-0.14,0.18,0.15,0.21,0.37,0.43,-1.54,Neutral
2002-06-01,0.34,-0.4,0.42,0.68,0.59,0.65,-1.02,Niño
2002-07-01,0.43,-0.44,0.27,0.57,0.59,0.79,-0.7,Niño
2002-08-01,1.01,-0.26,0.34,0.7,0.62,0.86,-1.62,Niño
2002-09-01,0.88,0.04,0.51,0.82,0.62,1.01,-0.66,Niño
2002-10-01,0.84,0.57,0.93,1.16,0.8,1.21,-0.79,Niño
2002-11-01,0.84,0.78,1.24,1.41,0.95,1.31,-0.6,Niño
2002-12-01,0.91,0.69,1.25,1.41,0.84,1.14,-1.3,Niño
2003-01-01,0.82,0.1,0.71,0.98,0.71,0.92,-0.3,Niño
2003-02-01,0.63,-0.21,0.28,0.64,0.69,0.63,-0.9,Niño
2003-03-01,0.53,-0.49,0.1,0.48,0.65,0.38,-0.91,Neutral
2003-04-01,-0.11,-0.9,-0.42,-0.03,0.42,-0.04,-0.48,Neutral
2003-05-01,-0.61,-1.35,-0.89,-0.52,0.09,-0.26,-0.85,Neutral
2003-06-01,-0.1,-0.91,-0.5,-0.19,0.19,-0.16,-1.75,Neutral
2003-07-01,0.01,-0.58,0.01,0.14,0.25,0.08,0.26,Neutral
2003-08-01,0.05,0.08,0.07,0.05,0.22,0.21,-0.35,Neutral
2003-09-01,0.18,-0.43,0.02,0.15,0.26,0.26,-0.18,Neutral
2003-10-01,0.28,-0.07,0.39,0.46,0.49,0.29,-0.26,Neutral
2003-11-01,0.3,0.29,0.35,0.39,0.55,0.35,-0.32,Neutral
2003-12-01,0.14,0.31,0.53,0.32,0.41,0.35,0.92,Neutral
2004-01-01,0.19,-0.03,0.43,0.26,0.4,0.37,-1.31,Neutral
2004-02-01,-0.04,-0.2,0.14,0.17,0.32,0.31,0.77,Neutral
2004-03-01,-0.43,-0.34,-0.06,-0.1,0.08,0.23,-0.11,Neutral
2004-04-01,-0.23,-0.45,-0.04,0.06,0.23,0.17,-1.91,Neutral
2004-05-01,-0.46,-0.96,-0.32,0.1,0.29,0.17,1.22,Neutral
2004-06-01,-0.38,-0.69,-0.19,0.14,0.3,0.28,-1.91,Neutral
2004-07-01,0.46,-0.7,-0.03,0.41,0.49,0.47,-0.72,Neutral
2004-08-01,0.76,-0.44,0.25,0.66,0.55,0.64,-0.9,Niño
2004-09-01,0.58,-0.1,0.33,0.67,0.72,0.7,-0.31,Niño
2004-10-01,0.4,0.11,0.47,0.73,0.75,0.67,-0.42,Niño
2004-11-01,0.56,0.39,0.49,0.62,0.73,0.66,-1.06,Niño
2004-12-01,0.48,0.27,0.54,0.71,0.75,0.69,-0.94,Niño
2005-01-01,0.09,0.03,0.28,0.56,0.82,0.64,0.2,Niño
2005-02-01,0.61,-0.61,-0.11,0.26,0.6,0.58,-2.99,Niño
2005-03-01,0.83,-1.15,-0.16,0.28,0.51,0.45,-0.26,Neutral
2005-04-01,0.14,-0.36,0.14,0.28,0.37,0.43,-1.22,Neutral
2005-05-01,0.19,0.22,0.25,0.3,0.28,0.29,-1.46,Neutral
2005-06-01,0.21,-0.15,0.18,0.22,0.24,0.11,0.11,Neutral
2005-07-01,-0.0,-0.06,0.12,-0.01,0.1,-0.06,0.06,Neutral
2005-08-01,0.02,-0.3,0.09,-0.04,0.1,-0.14,-0.97,Neutral
2005-09-01,-0.02,-0.61,-0.25,-0.08,0.1,-0.11,0.34,Neutral
2005-10-01,-0.66,-1.05,-0.43,-0.15,0.09,-0.29,1.12,Neutral
2005-11-01,-0.7,-1.41,-0.92,-0.44,-0.04,-0.57,-0.42,Niña
2005-12-01,-0.7,-1.19,-1.27,-0.75,-0.25,-0.84,0.01,Niña
2006-01-01,-0.64,-0.69,-0.9,-0.98,-0.54,-0.85,1.29,Niña
2006-02-01,-0.49,0.33,-0.4,-0.71,-0.66,-0.77,-0.12,Niña
2006-03-01,-0.62,-0.27,-0.58,-0.73,-0.48,-0.57,1.32,Niña
2006-04-01,-0.84,-0.89,-0.26,-0.3,-0.22,-0.37,1.17,Neutral
2006-05-01,-0.42,-0.39,-0.14,-0.11,-0.0,-0.14,-0.96,Neutral
2006-06-01,-0.17,-0.19,-0.02,0.09,0.16,-0.03,-0.98,Neutral
2006-07-01,0.22,0.18,-0.01,0.03,0.21,0.1,-0.9,Neutral
2006-08-01,0.59,0.51,0.36,0.37,0.45,0.3,-1.75,Neutral
2006-09-01,0.65,0.78,0.71,0.62,0.57,0.54,-0.6,Niño
2006-10-01,0.77,1.2,0.85,0.76,0.66,0.77,-1.52,Niño
2006-11-01,1.0,0.91,0.93,0.98,0.76,0.94,0.05,Niño
2006-12-01,0.64,0.62,1.06,1.1,0.82,0.94,-0.39,Niño
2007-01-01,0.64,0.57,0.63,0.59,0.53,0.66,-0.83,Niño
2007-02-01,0.4,0.06,-0.0,0.12,0.35,0.22,-0.38,Neutral
2007-03-01,-0.19,-0.65,-0.36,-0.15,0.15,-0.12,-0.3,Neutral
2007-04-01,-0.32,-1.05,-0.45,-0.16,0.1,-0.32,-0.35,Neutral
2007-05-01,-0.41,-1.47,-0.76,-0.39,-0.05,-0.38,-0.3,Neutral
2007-06-01,-0.83,-1.4,-0.51,-0.16,0.04,-0.47,0.14,Neutral
2007-07-01,-0.76,-0.94,-0.63,-0.37,-0.1,-0.56,-0.44,Niña
2007-08-01,-0.91,-1.36,-0.96,-0.57,-0.17,-0.81,0.01,Niña
2007-09-01,-1.06,-1.34,-1.29,-1.04,-0.56,-1.07,0.12,Niña
2007-10-01,-1.13,-1.65,-1.48,-1.41,-0.77,-1.34,0.44,Niña
2007-11-01,-1.12,-1.95,-1.71,-1.58,-1.11,-1.5,0.82,Niña
2007-12-01,-1.19,-1.63,-1.67,-1.61,-1.08,-1.6,1.49,Niña
2008-01-01,-1.07,-0.8,-1.6,-1.79,-1.38,-1.64,1.54,Niña
2008-02-01,-1.27,-0.16,-1.25,-1.7,-1.45,-1.52,2.05,Niña
2008-03-01,-1.52,0.33,-0.73,-1.17,-1.23,-1.29,1.04,Niña
2008-04-01,-1.1,0.5,-0.47,-0.89,-0.95,-1.01,0.56,Niña
2008-05-01,-0.99,-0.32,-0.19,-0.64,-0.85,-0.84,-0.25,Niña
2008-06-01,-0.79,0.26,-0.05,-0.44,-0.66,-0.61,0.34,Niña
2008-07-01,-0.78,0.47,0.33,-0.04,-0.45,-0.37,0.2,Neutral
2008-08-01,-1.01,0.67,0.54,-0.04,-0.37,-0.23,0.64,Neutral
2008-09-01,-1.02,0.32,0.03,-0.28,-0.45,-0.24,1.26,Neutral
2008-10-01,-1.09,-0.17,-0.02,-0.3,-0.4,-0.35,1.52,Neutral
2008-11-01,-0.98,-0.21,-0.15,-0.37,-0.52,-0.55,1.64,Niña
2008-12-01,-1.01,-0.33,-0.63,-0.9,-0.72,-0.73,1.43,Niña
2009-01-01,-1.01,-0.17,-0.62,-1.0,-0.71,-0.85,0.85,Niña
2009-02-01,-0.85,-0.31,-0.49,-0.71,-0.52,-0.79,1.37,Niña
2009-03-01,-0.95,-0.85,-0.76,-0.72,-0.35,-0.61,-0.21,Niña
2009-04-01,-0.81,0.0,-0.07,-0.25,-0.09,-0.33,1.06,Neutral
2009-05-01,-0.72,0.17,0.34,0.17,0.16,0.01,-0.86,Neutral
2009-06-01,-0.05,0.54,0.71,0.49,0.34,0.28,-0.45,Neutral
2009-07-01,0.56,0.7,0.89,0.69,0.46,0.45,0.18,Neutral
2009-08-01,0.56,0.66,0.72,0.62,0.62,0.58,-0.59,Niño
2009-09-01,0.42,0.22,0.76,0.68,0.59,0.71,0.35,Niño
2009-10-01,0.56,0.22,0.78,0.96,0.92,1.01,-1.66,Niño
2009-11-01,1.04,0.14,1.19,1.49,1.21,1.36,-0.67,Niño
2009-12-01,0.95,0.49,1.47,1.81,1.31,1.56,-0.95,Niño
2010-01-01,0.93,0.36,1.1,1.43,1.21,1.5,-1.13,Niño
2010-02-01,1.28,0.04,0.79,1.18,0.95,1.22,-1.59,Niño
2010-03-01,1.33,-0.04,0.61,1.07,0.9,0.84,-1.4,Niño
2010-04-01,0.49,0.51,0.53,0.56,0.7,0.35,1.88,Neutral
2010-05-01,-0.12,0.39,-0.01,-0.15,0.1,-0.17,0.85,Neutral
2010-06-01,-1.29,0.14,-0.53,-0.62,-0.25,-0.66,0.24,Niña
2010-07-01,-2.42,-1.05,-0.84,-0.89,-0.61,-1.05,1.95,Niña
2010-08-01,-2.38,-1.23,-1.07,-1.33,-1.12,-1.35,1.77,Niña
2010-09-01,-2.26,-1.29,-1.34,-1.56,-1.28,-1.56,2.44,Niña
2010-10-01,-2.16,-1.53,-1.7,-1.65,-1.4,-1.64,1.8,Niña
2010-11-01,-2.01,-1.39,-1.56,-1.57,-1.41,-1.64,1.62,Niña
2010-12-01,-1.85,-1.03,-1.55,-1.63,-1.37,-1.59,2.9,Niña
2011-01-01,-1.77,-0.61,-1.41,-1.7,-1.38,-1.42,2.01,Niña
2011-02-01,-1.59,0.07,-0.84,-1.26,-1.02,-1.19,2.12,Niña
2011-03-01,-1.75,-0.43,-0.77,-0.98,-0.74,-0.93,2.09,Niña
2011-04-01,-1.69,-0.05,-0.36,-0.74,-0.69,-0.73,3.02,Niña
2011-05-01,-1.24,0.25,-0.23,-0.53,-0.53,-0.55,0.46,Niña
2011-06-01,-1.03,0.36,0.1,-0.25,-0.42,-0.44,-0.04,Neutral
2011-07-01,-0.75,0.27,0.06,-0.23,-0.47,-0.48,1.11,Neutral
2011-08-01,-0.81,-0.2,-0.4,-0.66,-0.58,-0.62,0.07,Niña
2011-09-01,-1.08,-1.01,-0.68,-0.76,-0.68,-0.83,1.14,Niña
2011-10-01,-1.3,-0.71,-0.98,-0.93,-0.75,-1.01,0.91,Niña
2011-11-01,-1.14,-0.8,-1.04,-1.09,-0.74,-1.09,1.41,Niña
2011-12-01,-1.18,-0.68,-0.79,-1.05,-1.04,-1.04,2.45,Niña
2012-01-01,-1.07,-0.39,-0.73,-0.93,-1.01,-0.86,0.9,Niña
2012-02-01,-0.68,0.4,-0.14,-0.61,-0.72,-0.72,0.22,Niña
2012-03-01,-0.59,-0.02,-0.15,-0.48,-0.56,-0.59,0.2,Niña
2012-04-01,-0.38,0.48,-0.0,-0.29,-0.31,-0.47,-0.65,Neutral
2012-05-01,-0.32,0.43,0.01,-0.18,-0.28,-0.26,-0.38,Neutral
2012-06-01,-0.28,0.99,0.5,0.14,-0.16,-0.01,-1.51,Neutral
2012-07-01,0.34,0.82,0.84,0.44,-0.06,0.25,-0.15,Neutral
2012-08-01,-0.02,0.27,0.75,0.66,0.28,0.37,-0.74,Neutral
2012-09-01,-0.29,0.04,0.39,0.44,0.28,0.37,0.22,Neutral
2012-10-01,-0.19,-0.39,0.04,0.23,0.33,0.27,0.17,Neutral
2012-11-01,-0.03,-0.46,0.17,0.33,0.36,0.05,0.33,Neutral
2012-12-01,-0.03,-0.61,-0.27,-0.13,0.1,-0.21,-0.77,Neutral
2013-01-01,-0.06,-0.7,-0.59,-0.42,-0.06,-0.43,-0.1,Neutral
2013-02-01,-0.08,-0.32,-0.45,-0.4,-0.15,-0.43,-0.47,Neutral
2013-03-01,-0.13,-0.38,0.04,-0.14,-0.18,-0.34,1.06,Neutral
2013-04-01,-0.35,-1.32,-0.11,-0.08,-0.06,-0.3,0.01,Neutral
2013-05-01,-0.68,-1.44,-0.67,-0.28,-0.06,-0.36,0.9,Neutral
2013-06-01,-1.14,-1.44,-0.71,-0.33,-0.12,-0.41,1.45,Neutral
2013-07-01,-0.79,-1.36,-0.56,-0.28,-0.11,-0.4,0.76,Neutral
2013-08-01,-0.45,-0.76,-0.48,-0.29,0.02,-0.32,-0.23,Neutral
2013-09-01,-0.33,-0.77,-0.22,-0.09,-0.0,-0.26,0.41,Neutral
2013-10-01,-0.13,-0.16,-0.1,-0.24,-0.05,-0.18,-0.34,Neutral
2013-11-01,-0.16,-0.5,-0.11,-0.02,0.16,-0.17,0.75,Neutral
2013-12-01,-0.33,-0.25,-0.02,-0.09,-0.08,-0.27,-0.05,Neutral
2014-01-01,-0.5,0.37,-0.27,-0.42,-0.23,-0.42,1.19,Neutral
2014-02-01,-0.42,-0.67,-0.65,-0.45,0.08,-0.46,-0.32,Neutral
2014-03-01,-0.05,-0.51,-0.16,-0.07,0.27,-0.27,-1.7,Neutral
2014-04-01,-0.17,-0.25,0.22,0.28,0.33,0.04,0.81,Neutral
2014-05-01,-0.17,0.74,0.55,0.45,0.41,0.21,0.72,Neutral
2014-06-01,0.0,1.17,0.91,0.48,0.39,0.16,-0.46,Neutral
2014-07-01,0.41,1.04,0.56,0.13,0.23,0.05,-0.26,Neutral
2014-08-01,0.23,0.67,0.37,0.14,0.33,0.07,-1.42,Neutral
2014-09-01,-0.1,0.15,0.36,0.37,0.47,0.23,-0.66,Neutral
2014-10-01,0.11,0.34,0.63,0.48,0.53,0.49,-0.86,Neutral
2014-11-01,0.37,0.57,0.92,0.89,0.81,0.64,-0.96,Neutral
2014-12-01,0.35,0.14,0.8,0.77,0.71,0.66,-0.66,Neutral
2015-01-01,0.23,-0.16,0.39,0.59,0.71,0.55,-0.87,Neutral
2015-02-01,0.06,-0.62,0.16,0.57,0.84,0.47,-0.04,Neutral
2015-03-01,0.15,-0.01,0.08,0.48,0.76,0.53,-1.4,Niño
2015-04-01,0.31,0.64,0.75,0.9,1.02,0.7,-0.27,Niño
2015-05-01,0.95,1.59,0.99,1.04,0.97,0.93,-1.04,Niño
2015-06-01,1.9,2.19,1.54,1.28,1.05,1.18,-1.72,Niño
2015-07-01,1.79,2.32,1.87,1.56,1.04,1.52,-1.41,Niño
2015-08-01,1.95,2.08,2.08,1.87,1.05,1.86,-2.15,Niño
2015-09-01,2.24,2.48,2.36,2.01,1.12,2.16,-1.65,Niño
2015-10-01,2.15,2.38,2.47,2.21,1.19,2.42,-1.91,Niño
2015-11-01,1.93,2.21,2.63,2.57,1.59,2.57,-0.63,Niño
2015-12-01,1.93,2.09,2.65,2.56,1.51,2.64,-1.0,Niño
2016-01-01,1.93,1.82,2.64,2.56,1.33,2.48,-2.12,Niño
2016-02-01,1.8,1.09,1.9,2.11,1.3,2.14,-2.09,Niño
2016-03-01,1.32,1.1,1.52,1.6,1.15,1.58,-0.75,Niño
2016-04-01,1.32,0.29,0.78,1.05,0.88,0.94,-2.61,Niño
2016-05-01,1.24,0.45,0.21,0.45,0.63,0.39,0.22,Neutral
2016-06-01,0.35,0.52,0.11,0.06,0.45,-0.07,0.44,Neutral
2016-07-01,-0.54,-0.06,-0.24,-0.25,0.24,-0.36,0.45,Neutral
2016-08-01,-0.26,0.19,-0.5,-0.48,0.02,-0.54,0.4,Niña
2016-09-01,-0.29,0.25,-0.19,-0.46,-0.16,-0.63,1.28,Niña
2016-10-01,-0.53,-0.03,-0.52,-0.75,-0.38,-0.69,-0.66,Niña
2016-11-01,-0.47,-0.08,-0.48,-0.63,-0.29,-0.67,-0.23,Niña
2016-12-01,-0.37,0.02,-0.48,-0.51,-0.13,-0.56,0.19,Niña
2017-01-01,-0.42,0.33,-0.09,-0.34,-0.13,-0.34,0.08,Neutral
2017-02-01,-0.41,0.93,0.4,-0.01,0.06,-0.16,-0.33,Neutral
2017-03-01,-0.58,1.56,0.24,-0.09,-0.05,0.05,0.41,Neutral
2017-04-01,-0.19,0.49,0.42,0.22,0.19,0.2,-0.75,Neutral
2017-05-01,0.2,0.25,0.31,0.3,0.29,0.3,0.23,Neutral
2017-06-01,-0.23,0.2,0.06,0.22,0.34,0.31,-1.39,Neutral
2017-07-01,-0.63,-0.46,0.08,0.22,0.29,0.14,0.85,Neutral
2017-08-01,-0.72,-0.76,-0.37,-0.18,0.17,-0.11,0.17,Neutral
2017-09-01,-0.73,-1.28,-0.88,-0.56,-0.1,-0.38,0.62,Neutral
2017-10-01,-0.59,-1.32,-0.82,-0.52,-0.1,-0.65,0.75,Niña
2017-11-01,-0.62,-1.44,-1.1,-0.84,-0.21,-0.84,0.94,Niña
2017-12-01,-0.74,-1.54,-1.09,-0.85,-0.31,-0.97,-0.27,Niña
2018-01-01,-0.79,-1.25,-1.17,-0.86,-0.31,-0.92,0.91,Niña
2018-02-01,-0.71,-0.43,-0.77,-0.73,-0.2,-0.85,-0.73,Niña
2018-03-01,-0.8,-1.3,-0.87,-0.73,-0.09,-0.7,1.03,Niña
2018-04-01,-1.32,-0.81,-0.43,-0.36,0.18,-0.5,0.58,Niña
2018-05-01,-0.94,-0.46,-0.18,-0.12,0.29,-0.22,0.56,Neutral
2018-06-01,-0.51,-0.47,0.19,0.12,0.29,-0.01,-0.74,Neutral
2018-07-01,-0.05,-0.08,0.27,0.27,0.34,0.09,0.18,Neutral
2018-08-01,0.47,-0.54,-0.12,0.05,0.46,0.23,-0.87,Neutral
2018-09-01,0.62,0.12,0.14,0.3,0.56,0.49,-0.99,Neutral
2018-10-01,0.52,0.3,0.71,0.84,0.84,0.76,0.27,Niño
2018-11-01,0.33,0.69,1.0,1.0,0.81,0.9,-0.08,Niño
2018-12-01,0.18,0.79,0.98,0.97,0.89,0.81,0.93,Niño
2019-01-01,0.09,0.67,0.59,0.51,0.5,0.75,-0.16,Niño
2019-02-01,0.5,0.66,0.59,0.62,0.67,0.72,-1.43,Niño
2019-03-01,0.76,-0.18,0.62,0.81,0.68,0.71,-0.91,Niño
2019-04-01,0.3,0.36,0.64,0.67,0.58,0.66,-0.03,Niño
2019-05-01,0.23,0.24,0.55,0.61,0.65,0.54,-0.71,Niño
2019-06-01,0.35,-0.11,0.45,0.66,0.74,0.45,-1.36,Neutral
2019-07-01,0.3,-0.36,0.07,0.41,0.72,0.28,-0.51,Neutral
2019-08-01,0.32,-0.29,0.03,0.19,0.54,0.14,-0.7,Neutral
2019-09-01,0.16,-0.68,-0.22,0.11,0.51,0.19,-1.26,Neutral
2019-10-01,0.31,-0.71,0.1,0.55,0.86,0.35,-0.66,Neutral
2019-11-01,0.47,0.02,0.44,0.74,0.88,0.51,-1.03,Neutral
2019-12-01,0.36,-0.19,0.25,0.51,0.77,0.55,-0.73,Neutral
2020-01-01,0.24,-0.12,0.37,0.64,0.88,0.5,0.01,Neutral
2020-02-01,0.26,-0.03,0.2,0.48,0.82,0.48,-0.31,Neutral
2020-03-01,0.13,-0.44,-0.02,0.36,0.7,0.4,-0.75,Neutral
2020-04-01,-0.15,0.03,0.34,0.49,0.61,0.19,0.16,Neutral
2020-05-01,-0.23,-0.24,-0.24,-0.12,0.18,-0.08,0.71,Neutral
2020-06-01,-0.68,-0.43,-0.53,-0.21,0.19,-0.3,-1.36,Neutral
2020-07-01,-0.94,-1.09,-0.36,-0.04,0.17,-0.41,0.44,Neutral
2020-08-01,-0.96,-0.43,-0.44,-0.42,-0.1,-0.57,0.85,Niña
2020-09-01,-1.15,-0.85,-0.79,-0.66,-0.28,-0.89,0.98,Niña
2020-10-01,-1.17,-0.99,-1.0,-1.19,-0.66,-1.17,0.27,Niña
2020-11-01,-1.13,-0.87,-0.89,-1.01,-0.49,-1.27,0.85,Niña
2020-12-01,-1.14,-0.76,-0.77,-0.98,-0.68,-1.19,1.76,Niña
2021-01-01,-1.2,-0.58,-0.8,-1.04,-0.93,-1.05,1.64,Niña
2021-02-01,-0.96,-0.74,-0.8,-0.94,-0.76,-0.93,1.02,Niña
2021-03-01,-0.79,-0.5,-0.64,-0.72,-0.53,-0.84,-0.2,Niña
2021-04-01,-0.95,-0.96,-0.67,-0.55,-0.27,-0.66,0.3,Niña
2021-05-01,-1.07,-0.73,-0.53,-0.41,-0.15,-0.48,0.49,Neutral
2021-06-01,-1.05,0.08,-0.06,-0.06,0.02,-0.38,0.22,Neutral
2021-07-01,-1.44,-0.14,-0.17,-0.2,-0.11,-0.4,1.61,Neutral
2021-08-01,-1.29,-0.17,-0.28,-0.38,-0.19,-0.49,0.27,Neutral
2021-09-01,-1.37,-0.29,-0.39,-0.5,-0.32,-0.67,0.86,Niña
2021-10-01,-1.46,-0.6,-0.63,-0.78,-0.46,-0.81,0.51,Niña
2021-11-01,-1.39,-0.98,-0.87,-0.88,-0.47,-0.98,1.12,Niña
2021-12-01,-1.2,-1.29,-1.12,-1.07,-0.63,-0.98,1.43,Niña
2022-01-01,-1.01,-0.9,-0.97,-0.77,-0.26,-0.97,0.34,Niña
2022-02-01,-0.98,-1.14,-0.92,-0.68,-0.17,-0.93,0.76,Niña
2022-03-01,-1.31,-0.59,-0.72,-0.84,-0.56,-0.99,1.35,Niña
2022-04-01,-1.6,-1.04,-0.91,-0.9,-0.6,-1.06,2.69,Niña
2022-05-01,-1.63,-1.04,-0.99,-1.02,-0.68,-0.99,1.9,Niña
2022-06-01,-1.9,-0.82,-0.71,-0.77,-0.61,-0.85,2.45,Niña
2022-07-01,-2.17,-0.54,-0.38,-0.56,-0.59,-0.81,0.91,Niña
2022-08-01,-1.75,-0.23,-0.6,-0.96,-0.79,-0.91,0.81,Niña
2022-09-01,-1.73,-0.77,-0.89,-1.06,-0.87,-1.01,1.73,Niña
2022-10-01,-1.72,-1.37,-1.05,-0.99,-0.86,-0.99,1.73,Niña
2022-11-01,-1.53,-0.92,-0.72,-0.76,-0.57,-0.92,0.31,Niña
2022-12-01,-1.27,-0.67,-0.84,-0.86,-0.58,-0.83,2.11,Niña
2023-01-01,-1.11,-0.35,-0.64,-0.78,-0.57,-0.68,1.14,Niña
2023-02-01,-0.91,-0.14,-0.47,-0.62,-0.5,-0.43,0.93,Neutral
2023-03-01,-0.76,1.0,0.23,-0.13,-0.13,-0.15,-0.38,Neutral
2023-04-01,-0.36,2.5,0.62,0.24,0.23,0.16,-0.03,Neutral
2023-05-01,-0.06,1.69,0.9,0.47,0.35,0.48,-1.6,Neutral
2023-06-01,0.43,2.39,1.35,0.95,0.62,0.77,-0.12,Niño
2023-07-01,0.51,2.45,1.72,1.2,0.73,1.07,-0.38,Niño
2023-08-01,0.51,2.55,2.09,1.56,1.03,1.32,-1.6,Niño
2023-09-01,0.69,2.04,1.96,1.65,1.13,1.56,-1.36,Niño
2023-10-01,0.48,1.8,1.93,1.59,1.1,1.78,-0.6,Niño
2023-11-01,0.91,1.94,2.21,2.01,1.32,1.92,-0.9,Niño
2023-12-01,1.13,1.37,1.93,1.81,1.19,1.95,-0.39,Niño
2024-01-01,0.7,1.14,1.74,1.71,1.4,1.78,0.31,Niño
2024-02-01,0.68,1.08,1.45,1.47,1.21,1.48,-1.47,Niño
2024-03-01,0.78,-0.06,0.84,1.1,0.99,1.14,-0.2,Niño
2024-04-01,0.34,-0.11,0.7,0.93,0.85,0.71,-0.69,Niño
2024-05-01,0.12,-0.41,0.06,0.41,0.67,0.39,0.57,Neutral
2024-06-01,-0.24,-0.48,-0.11,0.25,0.58,0.15,-0.43,Neutral
2024-07-01,-0.72,-0.44,-0.05,0.2,0.49,0.04,-0.65,Neutral
2024-08-01,-0.73,-0.62,-0.28,0.02,0.45,-0.11,0.59,Neutral
2024-09-01,-0.65,-0.58,-0.14,-0.11,0.24,-0.21,-0.12,Neutral
2024-10-01,-0.51,-0.47,-0.3,-0.24,0.17,-0.26,0.35,Neutral
2024-11-01,-0.68,-0.14,-0.11,-0.05,0.25,-0.37,0.61,Neutral
2024-12-01,-0.91,-0.44,-0.4,-0.58,-0.34,-0.53,1.09,Neutral
