anio,estacion,PRCPTOT,SDII,CWD,CDD,R10mm,R20mm,R40mm,R95pTOT,R99pTOT,Rx1day,Rx5day,FD,SU,ID,TR,TXx,TNx,TXn,TNn,TN10p,TX10p,TN90p,TX90p,WSDI,CSDI,DTR,GSL
1961,Invierno,97.30000000000001,10.600000000000001,1.0,33.0,3.0,1.0,1.0,0.0,0.0,40.4,56.099999999999994,15,0,0,0,24.8,15.8,7.8,-3.7,15.217391304347828,8.695652173913043,13.043478260869565,7.608695652173914,0,0,9.67282608695652,
1961,Otoño,229.2,15.046666666666665,3.0,19.0,8.0,2.0,2.0,111.5,0.0,58.0,72.7,2,18,0,4,31.1,21.8,13.9,-2.0,14.130434782608695,11.956521739130435,11.956521739130435,10.869565217391305,0,0,10.782608695652172,
1961,Primavera,260.8,13.0,3.0,11.0,10.0,6.0,1.0,0.0,0.0,42.6,52.7,1,26,0,1,31.8,20.2,11.6,-0.2,13.186813186813188,5.4945054945054945,15.384615384615385,10.989010989010989,0,0,10.938461538461539,
1961,Verano,233.50000000000003,12.278947368421052,2.0,10.0,5.0,4.0,1.0,59.0,0.0,59.0,93.0,0,62,0,10,35.1,23.0,18.1,6.3,17.77777777777778,11.11111111111111,6.666666666666667,4.444444444444445,0,0,11.837777777777779,
1962,Invierno,160.6,15.690000000000001,5.0,27.0,6.0,3.0,0.0,0.0,0.0,39.4,87.2,14,0,0,0,24.8,16.0,6.6,-3.7,20.652173913043477,17.391304347826086,9.782608695652174,6.521739130434782,0,0,9.683695652173913,
1962,Otoño,241.20000000000002,24.0,2.0,16.0,4.0,3.0,2.0,131.0,131.0,131.0,150.4,3,30,0,3,36.3,20.9,9.0,-2.4,14.130434782608695,10.869565217391305,9.782608695652174,15.217391304347828,0,0,11.82826086956522,
1962,Primavera,212.79999999999998,19.154545454545456,3.0,22.0,9.0,5.0,0.0,0.0,0.0,32.6,71.7,2,18,0,0,33.5,19.5,11.8,-1.2,15.384615384615385,4.395604395604396,6.593406593406594,14.285714285714285,0,0,11.503296703296703,
1962,Verano,150.39999999999998,9.986666666666668,2.0,16.0,5.0,3.0,0.0,0.0,0.0,38.4,40.699999999999996,0,72,0,3,37.2,20.8,21.0,4.8,17.77777777777778,10.0,2.2222222222222223,4.444444444444445,0,0,12.931111111111111,
1963,Invierno,388.9,19.404999999999998,3.0,13.0,11.0,8.0,2.0,128.9,0.0,65.9,134.4,5,0,0,0,24.2,15.4,6.6,-1.2,9.782608695652174,5.434782608695652,17.391304347826086,7.608695652173914,0,0,7.913043478260868,
1963,Otoño,302.7,21.507142857142863,2.0,13.0,6.0,5.0,2.0,157.5,96.2,96.2,125.1,3,26,0,3,31.5,21.0,13.7,-1.2,18.478260869565215,8.695652173913043,16.304347826086957,16.304347826086957,0,0,10.746739130434781,
1963,Primavera,400.90000000000003,15.353846153846153,5.0,12.0,14.0,10.0,1.0,56.0,0.0,56.0,92.4,0,5,0,0,30.8,17.3,10.4,2.7,12.087912087912088,20.87912087912088,7.6923076923076925,3.296703296703297,0,0,8.962637362637363,
1963,Verano,441.29999999999995,23.115789473684213,3.0,10.0,13.0,7.0,3.0,165.2,108.2,108.2,109.2,0,66,0,11,35.5,23.0,19.8,8.0,7.777777777777778,12.222222222222221,5.555555555555555,3.3333333333333335,0,0,10.204444444444443,
1964,Invierno,125.00000000000001,11.30909090909091,2.0,21.0,5.0,1.0,0.0,0.0,0.0,35.9,39.4,19,0,0,0,22.5,14.2,8.0,-4.7,20.652173913043477,9.782608695652174,6.521739130434782,8.695652173913043,0,0,11.48804347826087,
1964,Otoño,313.7,15.655000000000001,4.0,21.0,14.0,5.0,1.0,54.7,0.0,54.7,71.1,1,15,0,1,30.1,20.3,13.9,-1.8,14.130434782608695,8.695652173913043,8.695652173913043,8.695652173913043,0,6,10.960869565217392,
1964,Primavera,244.60000000000002,13.405555555555557,4.0,9.0,6.0,4.0,1.0,89.2,89.2,89.2,110.9,3,8,0,0,27.6,17.0,10.2,-2.2,21.978021978021978,10.989010989010989,3.296703296703297,6.593406593406594,0,0,11.262637362637363,
1964,Verano,204.70000000000002,25.387500000000003,1.0,25.0,3.0,1.0,1.0,148.6,148.6,148.6,148.6,0,70,0,4,35.5,21.1,20.5,5.2,19.78021978021978,6.593406593406594,2.197802197802198,9.89010989010989,0,0,12.82967032967033,
1965,Invierno,113.6,7.36,3.0,21.0,6.0,0.0,0.0,0.0,0.0,15.3,29.9,13,2,0,0,25.9,18.4,6.5,-3.1,11.956521739130435,11.956521739130435,23.91304347826087,19.565217391304348,0,0,9.071739130434782,
1965,Otoño,138.20000000000002,11.308333333333335,2.0,21.0,4.0,3.0,0.0,0.0,0.0,30.0,55.0,2,19,0,0,31.5,19.8,8.1,-1.2,28.26086956521739,20.652173913043477,2.1739130434782608,15.217391304347828,0,0,12.471739130434784,
1965,Primavera,149.2,11.23076923076923,2.0,19.0,5.0,3.0,0.0,0.0,0.0,32.5,32.5,2,16,0,4,34.1,21.8,13.1,-1.0,20.87912087912088,8.791208791208792,14.285714285714285,12.087912087912088,0,0,11.454945054945053,
1965,Verano,192.3,11.925,2.0,15.0,8.0,3.0,0.0,0.0,0.0,37.7,53.2,0,72,0,13,38.1,22.7,19.1,6.0,13.333333333333334,6.666666666666667,8.88888888888889,24.444444444444443,6,0,13.154444444444445,
1966,Invierno,127.80000000000001,10.483333333333333,4.0,31.0,5.0,1.0,1.0,0.0,0.0,45.1,55.7,8,0,0,0,23.8,18.8,8.7,-4.0,10.869565217391305,10.869565217391305,7.608695652173914,9.782608695652174,0,0,9.876086956521739,
1966,Otoño,431.5,18.686956521739127,4.0,12.0,13.0,6.0,4.0,230.2,0.0,70.4,127.4,0,14,0,1,30.0,20.3,13.7,2.1,6.521739130434782,7.608695652173914,11.956521739130435,5.434782608695652,0,0,9.407608695652176,
1966,Primavera,170.70000000000002,10.6,4.0,21.0,7.0,3.0,0.0,0.0,0.0,31.0,50.0,4,15,0,0,30.1,18.8,10.3,-2.7,20.87912087912088,16.483516483516482,4.395604395604396,4.395604395604396,0,0,11.647252747252749,
1966,Verano,277.3,11.973913043478262,4.0,10.0,12.0,3.0,1.0,0.0,0.0,40.1,44.1,0,66,0,5,34.6,22.5,21.2,6.0,24.444444444444443,8.88888888888889,3.3333333333333335,3.3333333333333335,0,7,11.957777777777778,
1967,Invierno,297.1,16.344444444444445,3.0,18.0,9.0,4.0,2.0,62.2,0.0,62.2,81.0,15,0,0,0,19.8,13.2,6.2,-5.7,17.391304347826086,16.304347826086957,2.1739130434782608,2.1739130434782608,0,0,9.246739130434781,
1967,Otoño,240.0,11.78,2.0,25.0,9.0,3.0,1.0,54.7,0.0,54.7,68.5,0,28,0,1,34.1,20.5,10.8,2.1,17.391304347826086,9.782608695652174,10.869565217391305,27.173913043478258,0,0,11.851086956521737,
1967,Primavera,545.4,21.747999999999998,3.0,10.0,14.0,11.0,5.0,203.2,0.0,69.3,203.8,0,15,0,0,29.3,19.7,10.7,1.1,3.296703296703297,3.296703296703297,17.582417582417584,9.89010989010989,0,0,9.634065934065934,
1967,Verano,141.8,10.738461538461538,2.0,21.0,6.0,2.0,0.0,0.0,0.0,28.1,55.6,0,75,0,14,38.1,23.8,20.6,5.4,13.333333333333334,6.666666666666667,12.222222222222221,7.777777777777778,0,0,12.851111111111113,
1968,Invierno,195.00000000000003,8.736363636363636,3.0,12.0,7.0,2.0,0.0,0.0,0.0,35.2,52.4,3,0,0,0,23.2,13.7,8.6,-0.8,3.260869565217391,2.1739130434782608,18.478260869565215,13.043478260869565,0,0,8.431521739130433,
1968,Otoño,82.3,10.2125,2.0,30.0,2.0,2.0,0.0,0.0,0.0,33.4,33.4,2,26,0,1,32.1,21.6,12.6,-1.2,25.0,14.130434782608695,2.1739130434782608,6.521739130434782,0,0,12.496739130434781,
1968,Primavera,243.79999999999995,18.415384615384614,4.0,27.0,8.0,2.0,1.0,89.2,89.2,89.2,97.7,2,19,0,0,32.6,18.9,10.4,-1.0,8.791208791208792,4.395604395604396,13.186813186813188,10.989010989010989,0,0,10.431868131868132,
1968,Verano,313.4,15.55,4.0,18.0,10.0,5.0,3.0,53.0,0.0,53.0,122.80000000000001,0,66,0,13,37.5,22.3,21.2,7.7,8.791208791208792,8.791208791208792,10.989010989010989,9.89010989010989,0,0,11.542857142857144,
1969,Invierno,139.6,13.84,2.0,37.0,5.0,1.0,1.0,60.0,0.0,60.0,62.2,10,0,0,0,24.7,17.1,9.0,-2.4,19.565217391304348,6.521739130434782,10.869565217391305,11.956521739130435,0,0,10.045652173913044,
1969,Otoño,384.90000000000003,27.407142857142855,2.0,22.0,10.0,7.0,3.0,195.5,82.8,82.8,106.4,0,28,0,3,32.6,21.8,13.0,1.9,10.869565217391305,7.608695652173914,15.217391304347828,17.391304347826086,0,0,10.61086956521739,
1969,Primavera,135.6,7.466666666666665,2.0,18.0,6.0,0.0,0.0,0.0,0.0,18.2,26.599999999999998,0,18,0,1,30.2,21.0,10.7,0.1,17.582417582417584,4.395604395604396,5.4945054945054945,9.89010989010989,0,0,11.891208791208793,
1969,Verano,174.89999999999998,15.82727272727273,2.0,14.0,7.0,4.0,0.0,0.0,0.0,33.0,57.0,0,77,0,11,36.4,24.5,21.6,6.5,15.555555555555555,10.0,11.11111111111111,11.11111111111111,0,0,12.36888888888889,
1970,Invierno,111.99999999999999,10.85,2.0,19.0,3.0,3.0,0.0,0.0,0.0,34.0,34.8,10,0,0,0,24.1,14.8,7.9,-3.6,14.130434782608695,9.782608695652174,11.956521739130435,9.782608695652174,0,0,9.396739130434783,
1970,Otoño,236.0,12.194736842105263,4.0,22.0,9.0,3.0,1.0,53.8,0.0,53.8,81.5,0,27,0,6,33.9,24.1,12.2,0.8,5.434782608695652,11.956521739130435,17.391304347826086,20.652173913043477,0,0,10.23804347826087,
1970,Primavera,235.70000000000002,14.587499999999999,2.0,13.0,6.0,4.0,1.0,80.1,80.1,80.1,84.1,0,9,0,0,27.6,18.3,12.5,0.5,18.681318681318682,7.6923076923076925,10.989010989010989,4.395604395604396,0,0,11.187912087912089,
1970,Verano,159.6,11.264285714285716,2.0,21.0,8.0,1.0,0.0,0.0,0.0,21.2,39.6,0,76,0,24,36.8,26.4,19.5,3.8,16.666666666666664,12.222222222222221,17.77777777777778,15.555555555555555,0,0,12.155555555555555,
1971,Invierno,173.7,12.185714285714285,2.0,22.0,5.0,4.0,0.0,0.0,0.0,34.4,34.6,9,0,0,0,23.8,14.7,7.8,-3.1,11.956521739130435,10.869565217391305,10.869565217391305,10.869565217391305,0,0,9.360869565217392,
1971,Otoño,166.5,9.066666666666666,3.0,13.0,5.0,1.0,1.0,0.0,0.0,44.5,55.1,4,18,0,4,29.5,20.5,10.9,-2.6,19.565217391304348,23.91304347826087,8.695652173913043,10.869565217391305,0,0,10.53804347826087,
1971,Primavera,241.9,13.344444444444443,2.0,18.0,10.0,4.0,2.0,0.0,0.0,45.6,64.9,1,20,0,0,32.3,18.6,12.2,-0.7,12.087912087912088,3.296703296703297,13.186813186813188,9.89010989010989,0,0,10.711666666666666,
1971,Verano,336.1,13.319999999999999,4.0,10.0,12.0,6.0,2.0,52.0,0.0,52.0,95.5,0,57,0,20,37.8,26.6,15.5,1.3,18.88888888888889,18.88888888888889,12.222222222222221,5.555555555555555,0,0,11.207777777777778,
1972,Invierno,285.1000000000001,13.985,5.0,13.0,8.0,5.0,1.0,79.0,0.0,79.0,79.8,6,0,0,0,23.3,16.4,7.2,-2.6,9.782608695652174,19.565217391304348,11.956521739130435,5.434782608695652,0,0,8.041304347826086,
1972,Otoño,217.20000000000002,11.999999999999998,2.0,12.0,5.0,4.0,1.0,69.0,0.0,69.0,83.7,0,23,0,0,32.5,19.0,12.5,3.5,2.1739130434782608,8.695652173913043,6.521739130434782,10.869565217391305,0,0,10.475,
1972,Primavera,308.6,16.105263157894736,2.0,8.0,11.0,5.0,2.0,56.0,0.0,56.0,69.6,2,9,0,0,28.5,17.6,9.6,-1.2,19.78021978021978,7.6923076923076925,12.087912087912088,3.296703296703297,0,0,10.326373626373627,
1972,Verano,150.3,13.409090909090907,4.0,37.0,4.0,2.0,1.0,55.7,0.0,55.7,90.8,0,66,0,20,35.0,23.9,15.0,9.0,12.087912087912088,7.6923076923076925,15.384615384615385,6.593406593406594,0,0,11.07692307692308,
1973,Invierno,205.7,9.25909090909091,4.0,17.0,5.0,2.0,1.0,53.0,0.0,53.0,73.5,7,0,0,0,23.0,16.7,7.4,-2.1,9.782608695652174,7.608695652173914,13.043478260869565,9.782608695652174,0,0,8.81304347826087,
1973,Otoño,249.29999999999995,12.26,4.0,14.0,8.0,4.0,1.0,0.0,0.0,44.0,65.8,0,19,0,5,30.0,21.0,12.7,0.6,8.695652173913043,10.869565217391305,10.869565217391305,4.3478260869565215,0,0,8.981521739130438,
1973,Primavera,124.60000000000001,9.23846153846154,2.0,27.0,5.0,1.0,0.0,0.0,0.0,27.0,37.5,2,11,0,0,29.5,18.0,11.0,-1.7,19.78021978021978,14.285714285714285,7.6923076923076925,8.791208791208792,0,0,11.27912087912088,
1973,Verano,328.7,14.117391304347823,4.0,10.0,11.0,3.0,2.0,142.7,0.0,72.4,116.0,0,62,0,17,33.9,23.9,18.2,4.2,12.222222222222221,17.77777777777778,12.222222222222221,3.3333333333333335,0,0,10.327777777777776,
1974,Invierno,172.0,10.041176470588235,3.0,19.0,5.0,4.0,0.0,0.0,0.0,35.6,41.300000000000004,13,0,0,0,24.8,17.6,9.0,-4.6,13.043478260869565,7.608695652173914,17.391304347826086,8.695652173913043,0,0,9.94891304347826,
1974,Otoño,197.1,11.447058823529412,2.0,32.0,7.0,2.0,1.0,59.5,0.0,59.5,78.7,0,32,0,4,30.5,22.0,15.2,1.8,7.608695652173914,1.0869565217391304,17.391304347826086,18.478260869565215,0,0,10.314130434782609,
1974,Primavera,129.5,9.8,3.0,16.0,5.0,2.0,0.0,0.0,0.0,25.5,41.2,2,15,0,0,31.5,17.7,12.0,-1.1,19.78021978021978,9.89010989010989,4.395604395604396,6.593406593406594,0,0,11.263736263736265,
1974,Verano,259.8,13.589473684210526,3.0,17.0,9.0,4.0,1.0,59.5,0.0,59.5,73.0,0,62,0,12,35.0,22.5,17.2,6.1,14.444444444444443,13.333333333333334,10.0,4.444444444444445,0,0,10.95,
1975,Invierno,223.2,12.299999999999999,3.0,19.0,9.0,4.0,0.0,0.0,0.0,33.3,57.599999999999994,5,0,0,0,21.6,13.4,7.4,-2.6,8.695652173913043,9.782608695652174,9.782608695652174,7.608695652173914,0,0,8.830434782608695,
1975,Otoño,256.90000000000003,16.933333333333334,5.0,17.0,8.0,5.0,1.0,71.5,0.0,71.5,134.3,0,15,0,3,31.8,23.3,13.0,2.0,8.695652173913043,11.956521739130435,20.652173913043477,14.130434782608695,0,0,9.321739130434782,
1975,Primavera,70.5,6.869999999999999,3.0,27.0,1.0,1.0,0.0,0.0,0.0,24.5,37.1,1,15,0,1,30.0,20.6,12.9,-0.8,9.89010989010989,3.296703296703297,9.89010989010989,5.4945054945054945,0,0,11.32197802197802,
1975,Verano,265.59999999999997,18.75,3.0,20.0,5.0,5.0,4.0,153.3,0.0,53.1,150.2,0,75,0,20,37.1,23.0,17.5,6.3,12.222222222222221,8.88888888888889,13.333333333333334,12.222222222222221,0,0,12.203333333333333,
1976,Invierno,186.0,10.823529411764707,5.0,26.0,9.0,2.0,0.0,0.0,0.0,34.0,62.7,16,0,0,0,23.1,14.0,8.4,-3.6,13.043478260869565,17.391304347826086,8.695652173913043,5.434782608695652,0,0,9.265217391304347,
1976,Otoño,192.8,11.152941176470588,5.0,19.0,7.0,3.0,0.0,0.0,0.0,39.1,59.300000000000004,0,9,0,1,28.9,20.3,12.4,1.4,17.391304347826086,23.91304347826087,10.869565217391305,4.3478260869565215,0,0,9.913043478260871,
1976,Primavera,428.4,21.240000000000002,2.0,18.0,9.0,6.0,6.0,251.49999999999997,0.0,72.7,88.7,2,9,0,0,30.3,18.6,9.1,-1.2,12.087912087912088,13.186813186813188,8.791208791208792,7.6923076923076925,0,0,10.025274725274725,
1976,Verano,466.20000000000005,19.241666666666664,4.0,14.0,15.0,9.0,4.0,120.0,0.0,60.0,106.5,0,66,0,17,34.8,22.8,19.5,8.3,7.6923076923076925,10.989010989010989,10.989010989010989,9.89010989010989,0,0,10.48021978021978,
1977,Invierno,151.9,10.657142857142857,2.0,20.0,7.0,1.0,0.0,0.0,0.0,22.0,53.0,5,0,0,0,22.9,14.6,8.5,-2.3,6.521739130434782,4.3478260869565215,13.043478260869565,10.869565217391305,0,0,8.871739130434783,
1977,Otoño,230.8,16.485714285714288,3.0,21.0,9.0,5.0,1.0,54.0,0.0,54.0,109.3,0,22,0,1,30.4,20.8,11.6,0.5,15.217391304347828,18.478260869565215,9.782608695652174,11.956521739130435,0,6,10.759782608695652,
1977,Primavera,355.70000000000005,16.04090909090909,4.0,9.0,13.0,9.0,1.0,0.0,0.0,46.5,59.0,1,22,0,2,30.6,20.4,13.3,-1.2,10.989010989010989,6.593406593406594,25.274725274725274,9.89010989010989,0,0,10.082417582417582,
1977,Verano,463.59999999999997,21.933333333333334,3.0,12.0,13.0,6.0,5.0,251.9,80.0,80.0,151.2,0,69,0,28,33.6,24.6,18.3,9.6,3.3333333333333335,10.0,25.555555555555554,3.3333333333333335,0,0,9.064444444444446,
1978,Invierno,363.4,20.083333333333332,3.0,19.0,12.0,6.0,3.0,101.5,0.0,54.0,112.8,10,0,0,0,23.9,14.4,8.6,-2.6,13.043478260869565,10.869565217391305,10.869565217391305,3.260869565217391,0,0,8.886956521739132,
1978,Otoño,200.4,12.43125,3.0,14.0,6.0,2.0,1.0,56.6,0.0,56.6,73.0,0,19,0,0,32.2,19.6,11.4,1.4,10.869565217391305,10.869565217391305,7.608695652173914,9.782608695652174,0,0,10.266304347826088,
1978,Primavera,372.4,13.257142857142858,3.0,11.0,15.0,5.0,1.0,0.0,0.0,42.6,65.89999999999999,1,9,0,0,31.7,19.2,11.0,-2.6,9.89010989010989,7.6923076923076925,15.384615384615385,5.4945054945054945,0,0,10.13076923076923,
1978,Verano,280.2,14.668421052631578,5.0,14.0,11.0,5.0,1.0,0.0,0.0,46.5,137.0,0,62,0,6,34.0,21.7,19.2,6.5,11.11111111111111,17.77777777777778,6.666666666666667,2.2222222222222223,0,0,10.839999999999998,
1979,Invierno,121.2,9.908333333333333,3.0,21.0,4.0,1.0,1.0,0.0,0.0,43.2,65.8,7,4,0,0,28.4,17.3,9.4,-2.5,9.782608695652174,4.3478260869565215,8.695652173913043,13.043478260869565,0,0,10.198913043478258,
1979,Otoño,115.7,11.45,2.0,14.0,6.0,1.0,0.0,0.0,0.0,24.5,40.5,1,19,0,0,29.8,18.8,10.0,-0.9,20.652173913043477,7.608695652173914,2.1739130434782608,8.695652173913043,0,0,12.454347826086956,
1979,Primavera,191.1,11.2,3.0,22.0,8.0,2.0,1.0,0.0,0.0,45.5,61.1,2,14,0,0,29.4,18.2,11.6,-0.7,15.384615384615385,14.285714285714285,14.285714285714285,4.395604395604396,0,0,10.54835164835165,
1979,Verano,153.9,15.379999999999999,2.0,21.0,5.0,3.0,1.0,54.0,0.0,54.0,57.5,0,73,0,10,36.5,21.3,18.0,8.2,13.333333333333334,10.0,6.666666666666667,11.11111111111111,0,0,12.21111111111111,
1980,Invierno,251.39999999999998,11.933333333333332,3.0,16.0,11.0,4.0,0.0,0.0,0.0,30.8,65.9,7,0,0,0,20.9,13.2,7.9,-2.6,10.869565217391305,14.130434782608695,8.695652173913043,4.3478260869565215,0,0,8.624999999999998,
1980,Otoño,553.9,22.036000000000005,3.0,16.0,10.0,6.0,4.0,357.29999999999995,238.39999999999998,155.1,156.0,0,35,0,16,35.9,27.2,13.5,3.5,4.3478260869565215,5.434782608695652,42.391304347826086,27.173913043478258,7,0,8.322826086956523,
1980,Primavera,328.3,19.24705882352941,2.0,14.0,10.0,6.0,1.0,87.5,87.5,87.5,102.5,0,8,0,0,28.6,18.6,11.6,1.0,8.791208791208792,14.285714285714285,6.593406593406594,3.296703296703297,0,0,9.741758241758241,
1980,Verano,150.0,9.833333333333334,2.0,13.0,7.0,1.0,0.0,0.0,0.0,23.5,24.4,0,82,0,19,36.3,25.6,20.6,6.5,9.89010989010989,3.296703296703297,17.582417582417584,7.6923076923076925,0,0,11.836263736263735,
1981,Invierno,173.5,9.605555555555554,4.0,24.0,6.0,2.0,1.0,0.0,0.0,46.0,84.2,8,0,0,0,23.6,13.6,7.4,-2.5,8.695652173913043,13.043478260869565,8.695652173913043,7.608695652173914,0,0,9.397826086956522,
1981,Otoño,371.9,17.452380952380953,4.0,14.0,9.0,5.0,3.0,92.0,92.0,92.0,163.89999999999998,0,17,0,0,30.8,19.4,14.9,1.7,5.434782608695652,10.869565217391305,19.565217391304348,11.956521739130435,0,0,8.967391304347828,
1981,Primavera,214.60000000000002,12.547058823529412,2.0,12.0,8.0,4.0,1.0,0.0,0.0,40.0,45.0,0,13,0,1,32.1,20.4,7.0,0.2,13.186813186813188,12.087912087912088,12.087912087912088,6.593406593406594,0,0,10.361538461538462,
1981,Verano,388.8,16.116666666666667,3.0,10.0,13.0,6.0,2.0,73.1,0.0,73.1,85.6,0,73,0,14,34.4,23.5,19.4,5.1,12.222222222222221,11.11111111111111,13.333333333333334,7.777777777777778,0,0,10.988888888888889,
1982,Invierno,229.0,9.3375,4.0,16.0,7.0,3.0,0.0,0.0,0.0,35.1,47.900000000000006,8,0,0,0,23.0,15.8,6.0,-4.2,7.608695652173914,10.869565217391305,15.217391304347828,13.043478260869565,0,0,8.427173913043477,
1982,Otoño,180.39999999999998,14.866666666666665,2.0,15.0,7.0,4.0,1.0,56.6,0.0,56.6,58.2,0,30,0,4,30.6,22.0,15.5,1.5,3.260869565217391,4.3478260869565215,19.565217391304348,11.956521739130435,0,0,9.708695652173914,
1982,Primavera,321.7,14.586363636363638,8.0,16.0,8.0,7.0,2.0,65.0,0.0,65.0,125.5,0,15,0,0,35.8,19.0,11.4,1.3,13.186813186813188,12.087912087912088,12.087912087912088,9.89010989010989,0,0,10.503296703296703,
1982,Verano,268.0,24.11818181818182,3.0,16.0,8.0,4.0,1.0,110.7,110.7,110.7,110.7,0,70,0,17,38.4,23.2,20.8,5.2,15.555555555555555,14.444444444444443,10.0,5.555555555555555,0,0,11.750000000000002,
1983,Invierno,110.5,8.184615384615386,4.0,23.0,4.0,1.0,0.0,0.0,0.0,21.3,44.0,13,0,0,0,21.6,14.8,7.4,-2.8,16.304347826086957,11.956521739130435,4.3478260869565215,2.1739130434782608,0,6,9.657608695652172,
1983,Otoño,89.1,8.739999999999998,2.0,32.0,3.0,1.0,0.0,0.0,0.0,20.0,20.599999999999998,0,20,0,1,29.9,21.3,8.7,2.5,11.956521739130435,5.434782608695652,6.521739130434782,8.695652173913043,0,0,10.90108695652174,
1983,Primavera,269.6,12.642857142857142,4.0,11.0,8.0,6.0,1.0,57.0,0.0,57.0,122.7,2,13,0,0,32.0,20.0,12.4,-2.3,10.989010989010989,6.593406593406594,18.681318681318682,6.593406593406594,0,0,9.980219780219782,
1983,Verano,182.0,8.89,7.0,12.0,7.0,3.0,0.0,0.0,0.0,28.0,42.5,0,76,0,26,37.0,25.0,20.0,8.2,3.3333333333333335,5.555555555555555,18.88888888888889,11.11111111111111,0,0,10.591111111111111,
1984,Invierno,107.8,7.073333333333334,3.0,28.0,3.0,1.0,0.0,0.0,0.0,24.2,29.4,11,0,0,0,20.9,11.4,6.5,-3.6,13.043478260869565,22.82608695652174,2.1739130434782608,0.0,0,0,8.455434782608695,
1984,Otoño,260.5,12.794999999999998,3.0,11.0,6.0,3.0,1.0,74.0,0.0,74.0,107.5,2,25,0,1,31.5,22.0,11.5,-1.1,6.521739130434782,16.304347826086957,11.956521739130435,10.869565217391305,0,0,9.459782608695651,
1984,Primavera,345.3,17.973684210526315,4.0,13.0,10.0,5.0,2.0,114.5,114.5,114.5,166.5,0,17,0,0,29.9,18.5,11.1,2.9,5.4945054945054945,9.89010989010989,12.087912087912088,4.395604395604396,0,0,9.46043956043956,
1984,Verano,500.1,19.892,3.0,14.0,16.0,7.0,4.0,169.0,0.0,71.0,169.0,0,59,0,21,33.9,25.0,20.7,6.9,10.989010989010989,6.593406593406594,12.087912087912088,4.395604395604396,0,0,9.698550724637682,
1985,Invierno,112.8,8.538461538461538,3.0,18.0,3.0,1.0,0.0,0.0,0.0,39.0,52.0,2,0,0,0,23.0,14.9,9.5,-2.5,4.3478260869565215,9.782608695652174,15.217391304347828,4.3478260869565215,0,0,8.245945945945945,
1985,Otoño,439.29999999999995,25.688235294117646,3.0,26.0,10.0,7.0,4.0,297.4,108.0,108.0,169.4,0,16,0,5,31.4,21.4,13.6,0.1,10.869565217391305,10.869565217391305,10.869565217391305,7.608695652173914,0,0,10.57608695652174,
1985,Primavera,575.9,21.218518518518522,5.0,9.0,14.0,12.0,4.0,257.0,0.0,79.5,154.7,1,12,0,1,34.4,20.2,9.9,-0.7,5.4945054945054945,9.89010989010989,15.384615384615385,10.989010989010989,0,0,9.305494505494504,
1985,Verano,79.1,7.32,1.0,11.0,2.0,1.0,0.0,0.0,0.0,23.5,26.3,0,74,0,12,35.7,22.4,21.5,6.6,3.3333333333333335,4.444444444444445,7.777777777777778,8.88888888888889,0,0,10.940449438202247,
1986,Invierno,223.5,13.6875,3.0,17.0,8.0,5.0,1.0,48.5,0.0,48.5,71.6,2,0,0,0,22.0,14.2,9.2,-0.7,4.3478260869565215,1.0869565217391304,10.869565217391305,5.434782608695652,0,0,8.773913043478261,
1986,Otoño,298.1,14.785,4.0,10.0,10.0,5.0,1.0,0.0,0.0,45.0,73.7,1,18,0,0,28.7,18.0,9.3,-0.5,11.956521739130435,14.130434782608695,6.521739130434782,7.608695652173914,0,0,9.89891304347826,
1986,Primavera,344.9,14.9,3.0,10.0,13.0,7.0,1.0,0.0,0.0,43.0,78.30000000000001,0,19,0,0,28.7,19.0,10.8,1.0,5.4945054945054945,9.89010989010989,14.285714285714285,9.89010989010989,0,0,9.841758241758242,
1986,Verano,192.0,9.957894736842105,3.0,10.0,7.0,2.0,0.0,0.0,0.0,35.0,62.0,0,73,0,15,37.5,23.8,21.9,8.9,7.777777777777778,7.777777777777778,11.11111111111111,11.11111111111111,0,0,11.326666666666664,
1987,Invierno,122.8,9.146153846153846,3.0,31.0,5.0,1.0,0.0,0.0,0.0,21.0,38.4,2,0,0,0,23.9,15.0,8.3,-2.8,4.3478260869565215,8.695652173913043,10.869565217391305,11.956521739130435,0,0,9.253260869565219,
1987,Otoño,283.0,18.673333333333336,3.0,24.0,8.0,4.0,1.0,97.0,97.0,97.0,161.0,0,24,0,4,34.8,24.2,11.4,0.3,16.304347826086957,17.391304347826086,17.391304347826086,13.043478260869565,0,7,9.958695652173915,
1987,Primavera,315.7,14.871428571428572,5.0,13.0,11.0,4.0,2.0,47.2,0.0,47.2,89.8,2,11,0,1,33.2,21.4,12.4,-0.7,9.89010989010989,6.593406593406594,8.791208791208792,5.4945054945054945,0,0,9.947252747252746,
1987,Verano,340.3,13.427999999999999,5.0,15.0,12.0,7.0,2.0,0.0,0.0,46.0,100.5,0,76,0,21,37.2,23.7,21.5,8.4,8.88888888888889,3.3333333333333335,15.555555555555555,12.222222222222221,0,0,11.088888888888887,
1988,Invierno,73.2,6.016666666666667,4.0,16.0,2.0,0.0,0.0,0.0,0.0,16.0,22.6,16,0,0,0,24.2,13.0,8.7,-4.2,19.565217391304348,4.3478260869565215,3.260869565217391,7.608695652173914,0,8,9.992391304347825,
1988,Otoño,368.0,24.166666666666668,10.0,16.0,9.0,8.0,3.0,195.5,0.0,77.5,196.5,0,20,0,7,32.4,21.4,9.4,0.6,10.869565217391305,13.043478260869565,9.782608695652174,5.434782608695652,0,0,9.718478260869565,
1988,Primavera,202.4,13.373333333333333,2.0,20.0,7.0,4.0,1.0,0.0,0.0,42.5,47.9,2,19,0,0,29.6,20.0,12.1,-0.8,12.087912087912088,6.593406593406594,8.791208791208792,9.89010989010989,0,0,11.434065934065934,
1988,Verano,295.1,16.33888888888889,4.0,25.0,11.0,7.0,1.0,59.0,0.0,59.0,71.0,0,72,0,14,33.8,23.7,21.6,7.5,10.989010989010989,8.791208791208792,13.186813186813188,6.593406593406594,0,0,11.210989010989012,
1989,Invierno,257.3,16.993333333333336,5.0,27.0,8.0,6.0,1.0,49.3,0.0,49.3,127.3,4,0,0,0,23.8,13.6,9.7,-2.4,5.434782608695652,3.260869565217391,15.217391304347828,14.130434782608695,0,0,9.503260869565217,
1989,Otoño,245.09999999999997,21.981818181818184,3.0,45.0,7.0,4.0,2.0,61.0,0.0,61.0,91.0,1,28,0,1,32.8,21.1,13.7,-0.3,7.608695652173914,7.608695652173914,8.695652173913043,15.217391304347828,0,0,11.019565217391303,
1989,Primavera,93.7,9.120000000000001,2.0,17.0,3.0,2.0,0.0,0.0,0.0,26.0,26.0,0,20,0,0,33.4,19.4,12.0,0.5,14.285714285714285,4.395604395604396,6.593406593406594,8.791208791208792,0,0,11.32197802197802,
1989,Verano,260.4,17.240000000000002,2.0,20.0,5.0,3.0,1.0,105.0,105.0,105.0,154.0,0,84,0,34,37.0,25.2,22.2,8.6,1.1111111111111112,1.1111111111111112,27.77777777777778,26.666666666666668,7,0,11.515555555555554,
1990,Invierno,53.099999999999994,8.583333333333334,2.0,41.0,2.0,0.0,0.0,0.0,0.0,18.0,20.0,9,1,0,0,25.2,16.4,7.5,-3.0,10.869565217391305,3.260869565217391,11.956521739130435,11.956521739130435,0,0,9.611956521739131,
1990,Otoño,313.2,12.933333333333335,3.0,13.0,10.0,5.0,1.0,0.0,0.0,46.3,71.5,1,13,0,1,28.0,21.5,12.8,-0.6,3.260869565217391,8.695652173913043,6.521739130434782,2.1739130434782608,0,0,9.666304347826086,
1990,Primavera,482.5,23.97,5.0,14.0,10.0,8.0,3.0,228.0,228.0,133.0,137.0,1,23,0,2,31.1,21.0,11.6,-2.6,10.989010989010989,6.593406593406594,19.78021978021978,6.593406593406594,0,0,10.117582417582417,
1990,Verano,687.8,22.796666666666667,9.0,11.0,18.0,13.0,6.0,336.40000000000003,123.0,123.0,182.5,0,62,0,17,36.2,26.4,20.5,6.7,6.666666666666667,7.777777777777778,15.555555555555555,11.11111111111111,0,0,10.012222222222222,
1991,Invierno,283.7,21.615384615384617,3.0,19.0,9.0,8.0,1.0,51.0,0.0,51.0,87.4,14,0,0,0,24.6,16.1,5.9,-3.6,17.391304347826086,11.956521739130435,13.043478260869565,10.869565217391305,0,0,9.089130434782607,
1991,Otoño,175.9,15.827272727272726,5.0,28.0,6.0,2.0,1.0,64.0,0.0,64.0,64.0,0,30,0,2,32.9,22.0,14.4,1.5,4.3478260869565215,2.1739130434782608,14.130434782608695,16.304347826086957,0,0,11.464130434782609,
1991,Primavera,304.5,17.61176470588235,3.0,13.0,12.0,6.0,1.0,61.0,0.0,61.0,86.5,1,14,0,0,32.4,18.0,12.7,-1.1,14.285714285714285,6.593406593406594,8.791208791208792,9.89010989010989,0,0,10.138461538461538,
1991,Verano,264.6,14.549999999999999,5.0,21.0,7.0,5.0,2.0,109.7,0.0,59.2,62.3,0,70,0,5,33.8,20.7,19.2,6.5,12.222222222222221,11.11111111111111,1.1111111111111112,2.2222222222222223,0,0,11.575555555555555,
1992,Invierno,258.3,13.484210526315788,3.0,15.0,9.0,6.0,0.0,0.0,0.0,39.5,55.0,12,0,0,0,24.2,16.9,7.2,-3.5,13.043478260869565,15.217391304347828,13.043478260869565,13.043478260869565,0,0,9.352173913043478,
1992,Otoño,355.2,20.758823529411764,4.0,15.0,9.0,8.0,3.0,122.1,0.0,64.5,111.2,1,22,0,5,32.5,23.0,9.9,-1.3,7.608695652173914,9.782608695652174,15.217391304347828,8.695652173913043,0,0,10.127173913043478,
1992,Primavera,286.79999999999995,17.7625,3.0,13.0,10.0,6.0,1.0,0.0,0.0,44.4,73.0,0,11,0,0,30.7,16.7,10.7,1.3,16.483516483516482,12.087912087912088,10.989010989010989,3.296703296703297,0,0,11.143956043956043,
1992,Verano,277.3,19.678571428571427,3.0,17.0,6.0,3.0,2.0,181.0,181.0,98.0,105.0,0,73,0,11,33.2,25.3,20.7,7.0,8.791208791208792,10.989010989010989,6.593406593406594,7.6923076923076925,0,0,11.067032967032967,
1993,Invierno,171.5,12.25,3.0,30.0,4.0,2.0,2.0,108.5,0.0,56.5,66.0,11,0,0,0,25.0,13.6,9.2,-2.1,14.130434782608695,9.782608695652174,3.260869565217391,10.869565217391305,0,0,9.439130434782609,
1993,Otoño,298.1,15.56842105263158,5.0,14.0,10.0,5.0,1.0,0.0,0.0,42.5,66.5,2,29,0,1,31.0,20.9,8.1,-1.1,9.782608695652174,9.782608695652174,19.565217391304348,22.82608695652174,0,0,10.092391304347826,
1993,Primavera,446.0,15.296551724137931,4.0,10.0,13.0,7.0,4.0,169.0,0.0,63.0,101.0,0,17,0,0,30.5,19.7,10.3,1.1,9.89010989010989,19.78021978021978,8.791208791208792,9.89010989010989,0,0,9.95934065934066,
1993,Verano,473.7,21.486363636363635,4.0,15.0,10.0,7.0,3.0,276.0,197.5,110.0,230.5,0,70,0,11,36.7,23.5,14.0,8.0,11.11111111111111,8.88888888888889,7.777777777777778,10.0,0,0,11.459999999999999,
1994,Invierno,186.6,16.863636363636363,2.0,22.0,5.0,3.0,1.0,84.5,84.5,84.5,109.0,7,0,0,0,21.7,15.4,7.7,-3.3,8.695652173913043,8.695652173913043,13.043478260869565,13.043478260869565,0,0,8.757608695652175,
1994,Otoño,388.59999999999997,16.813043478260873,7.0,13.0,12.0,8.0,2.0,47.0,0.0,47.0,101.0,0,21,0,4,34.0,21.3,12.6,2.9,4.3478260869565215,15.217391304347828,18.478260869565215,16.304347826086957,0,0,9.666304347826086,
1994,Primavera,158.9,9.75,3.0,19.0,6.0,1.0,0.0,0.0,0.0,36.0,47.0,1,19,0,0,32.4,18.8,10.1,-0.4,9.89010989010989,6.593406593406594,10.989010989010989,9.89010989010989,0,0,10.365934065934065,
1994,Verano,215.8,13.25,4.0,11.0,8.0,4.0,1.0,47.0,0.0,47.0,59.0,0,71,0,10,35.4,22.9,21.0,7.5,11.11111111111111,10.0,7.777777777777778,8.88888888888889,0,0,11.521111111111113,
1995,Invierno,76.19999999999999,5.307142857142857,4.0,18.0,0.0,0.0,0.0,0.0,0.0,9.0,27.4,17,0,0,0,24.5,15.3,7.9,-4.0,20.652173913043477,16.304347826086957,5.434782608695652,5.434782608695652,0,0,9.828260869565216,
1995,Otoño,365.8,15.791304347826088,7.0,15.0,14.0,6.0,2.0,66.2,0.0,66.2,134.10000000000002,0,22,0,1,31.1,20.3,13.0,1.5,4.3478260869565215,13.043478260869565,10.869565217391305,9.782608695652174,0,0,10.248913043478261,
1995,Primavera,236.8,14.6875,5.0,15.0,8.0,6.0,0.0,0.0,0.0,35.0,71.0,4,17,0,1,33.9,21.6,10.8,-1.5,18.681318681318682,5.4945054945054945,15.384615384615385,9.89010989010989,0,0,11.351648351648352,
1995,Verano,288.0,17.9375,3.0,14.0,7.0,3.0,2.0,108.0,108.0,108.0,112.0,0,77,0,14,39.9,23.4,21.4,6.6,18.88888888888889,7.777777777777778,8.88888888888889,6.666666666666667,0,0,12.078888888888887,
1996,Invierno,102.0,9.090909090909092,4.0,25.0,3.0,2.0,0.0,0.0,0.0,29.0,50.0,18,3,0,0,30.1,17.3,7.3,-4.2,22.82608695652174,13.043478260869565,13.043478260869565,19.565217391304348,8,0,10.480434782608697,
1996,Otoño,180.0,11.03125,3.0,11.0,5.0,2.0,1.0,0.0,0.0,45.0,67.0,0,24,0,3,30.7,20.5,12.3,0.6,9.782608695652174,6.521739130434782,16.304347826086957,8.695652173913043,0,0,9.895652173913044,
1996,Primavera,315.79999999999995,16.436842105263157,3.0,19.0,11.0,6.0,1.0,69.0,0.0,69.0,104.3,2,19,0,0,32.5,19.7,12.5,-1.2,8.791208791208792,5.4945054945054945,16.483516483516482,6.593406593406594,0,0,10.065934065934066,
1996,Verano,375.5,19.57894736842105,2.0,9.0,10.0,7.0,4.0,114.0,0.0,61.0,90.0,0,78,0,9,35.9,22.4,20.3,8.1,6.593406593406594,8.791208791208792,10.989010989010989,8.791208791208792,0,0,11.264835164835164,
1997,Invierno,235.8,15.5,2.0,17.0,8.0,6.0,0.0,0.0,0.0,35.0,56.8,6,5,0,0,28.0,19.8,7.3,-2.5,5.434782608695652,8.695652173913043,22.82608695652174,18.478260869565215,6,0,8.254347826086958,
1997,Otoño,152.7,11.692307692307692,3.0,23.0,7.0,3.0,0.0,0.0,0.0,35.0,39.0,0,32,0,3,32.0,21.1,11.2,0.4,6.521739130434782,10.869565217391305,17.391304347826086,32.608695652173914,9,0,10.829347826086957,
1997,Primavera,233.2,12.777777777777779,5.0,30.0,7.0,3.0,2.0,0.0,0.0,46.0,70.0,1,12,0,0,28.9,18.0,12.4,-0.5,6.593406593406594,7.6923076923076925,8.791208791208792,5.4945054945054945,0,0,9.819780219780219,
1997,Verano,399.0,19.8,3.0,11.0,15.0,8.0,2.0,138.0,81.0,81.0,89.0,0,60,0,17,33.9,23.8,18.5,8.8,8.88888888888889,8.88888888888889,16.666666666666664,6.666666666666667,0,0,10.624444444444444,
1998,Invierno,112.1,11.2,3.0,15.0,4.0,2.0,1.0,0.0,0.0,41.0,52.0,3,0,0,0,21.1,14.2,11.0,-1.2,8.695652173913043,0.0,9.782608695652174,2.1739130434782608,0,0,9.391304347826086,
1998,Otoño,337.09999999999997,20.875,3.0,13.0,9.0,7.0,4.0,111.0,0.0,61.0,110.0,0,17,0,2,32.5,20.2,15.0,5.0,5.434782608695652,5.434782608695652,15.217391304347828,2.1739130434782608,0,0,8.695652173913043,
1998,Primavera,195.2,13.785714285714286,2.0,14.0,7.0,4.0,0.0,0.0,0.0,32.0,54.0,0,17,0,0,29.3,19.4,11.5,0.5,10.989010989010989,6.593406593406594,8.791208791208792,4.395604395604396,0,0,10.856043956043957,
1998,Verano,341.2,18.72222222222222,6.0,33.0,7.0,4.0,2.0,190.0,113.0,113.0,114.0,0,55,0,9,33.6,22.4,19.3,6.7,11.11111111111111,22.22222222222222,5.555555555555555,6.666666666666667,0,0,10.627777777777778,
1999,Invierno,230.6,12.666666666666666,5.0,16.0,8.0,5.0,1.0,50.0,0.0,50.0,103.0,8,1,0,0,25.6,14.1,8.5,-3.0,10.869565217391305,5.434782608695652,9.782608695652174,7.608695652173914,0,0,9.330434782608695,
1999,Otoño,216.0,13.4375,2.0,24.0,7.0,3.0,2.0,61.0,0.0,61.0,94.0,0,19,0,7,31.2,23.9,14.1,1.6,9.782608695652174,7.608695652173914,10.869565217391305,6.521739130434782,0,0,9.502173913043478,
1999,Primavera,187.7,10.882352941176471,3.0,17.0,8.0,3.0,0.0,0.0,0.0,31.0,43.0,1,17,0,1,32.8,20.6,12.5,-0.8,10.989010989010989,5.4945054945054945,13.186813186813188,5.4945054945054945,0,0,10.116483516483516,
1999,Verano,326.4,12.96,5.0,13.0,7.0,4.0,3.0,110.0,0.0,56.0,72.0,0,67,0,13,37.7,22.2,19.0,4.6,13.333333333333334,16.666666666666664,10.0,4.444444444444445,0,0,11.181111111111111,
2000,Invierno,274.1,14.36315789473684,6.0,32.0,10.0,4.0,2.0,49.9,0.0,49.9,71.9,6,0,0,0,23.4,17.0,6.0,-1.6,10.869565217391305,16.304347826086957,9.782608695652174,7.608695652173914,0,0,7.767391304347828,
2000,Otoño,454.20000000000005,23.794736842105266,4.0,19.0,14.0,9.0,4.0,129.4,0.0,74.4,150.0,0,23,0,0,31.5,19.2,10.6,4.0,4.3478260869565215,6.521739130434782,9.782608695652174,4.3478260869565215,0,0,9.396739130434783,
2000,Primavera,351.0,15.818181818181818,4.0,11.0,13.0,8.0,1.0,47.0,0.0,47.0,72.0,0,12,0,0,30.2,18.9,10.4,0.5,7.6923076923076925,9.89010989010989,7.6923076923076925,6.593406593406594,0,0,9.494505494505493,
2000,Verano,262.8,19.846153846153847,2.0,11.0,6.0,3.0,3.0,184.0,0.0,74.0,74.0,0,78,0,16,34.7,23.4,20.5,7.5,8.791208791208792,2.197802197802198,14.285714285714285,6.593406593406594,0,0,11.810989010989013,
2001,Invierno,328.5,14.091304347826087,7.0,19.0,9.0,7.0,2.0,62.0,0.0,62.0,92.0,5,1,0,0,27.4,17.6,9.0,-2.8,8.695652173913043,6.521739130434782,25.0,16.304347826086957,0,0,8.93804347826087,
2001,Otoño,303.9,13.130434782608695,5.0,11.0,9.0,4.0,2.0,63.0,0.0,63.0,160.0,0,23,0,10,33.8,23.8,12.3,1.0,6.521739130434782,13.043478260869565,23.91304347826087,17.391304347826086,0,0,9.040217391304347,
2001,Primavera,338.79999999999995,12.826923076923077,4.0,21.0,13.0,7.0,0.0,0.0,0.0,36.0,96.0,0,9,0,0,29.8,19.8,12.2,1.5,3.296703296703297,5.4945054945054945,25.274725274725274,7.6923076923076925,0,0,8.556043956043956,
2001,Verano,345.1,17.23,3.0,13.0,10.0,7.0,2.0,62.0,0.0,62.0,73.8,0,75,0,28,35.1,24.5,17.0,7.0,7.777777777777778,8.88888888888889,25.555555555555554,11.11111111111111,0,0,10.555555555555555,
2002,Invierno,204.3,11.222222222222221,5.0,26.0,7.0,2.0,2.0,103.0,0.0,55.0,72.0,9,4,0,0,30.0,18.8,8.6,-3.2,8.695652173913043,9.782608695652174,15.217391304347828,8.695652173913043,0,0,9.129347826086958,
2002,Otoño,624.3,20.740000000000002,7.0,18.0,17.0,11.0,5.0,230.0,177.0,95.0,168.0,0,18,0,7,32.2,21.2,13.3,2.1,2.1739130434782608,14.130434782608695,21.73913043478261,10.869565217391305,0,0,8.347826086956523,
2002,Primavera,244.5,12.578947368421053,4.0,17.0,6.0,3.0,3.0,0.0,0.0,44.0,53.0,0,24,0,1,31.0,20.4,11.0,0.0,6.593406593406594,7.6923076923076925,18.681318681318682,9.89010989010989,0,0,10.038461538461538,
2002,Verano,422.70000000000005,16.86,3.0,10.0,13.0,7.0,2.0,147.0,97.0,97.0,140.0,0,61,0,9,34.0,23.6,20.1,8.2,6.666666666666667,10.0,7.777777777777778,4.444444444444445,0,0,10.514444444444443,
2003,Invierno,141.0,7.694444444444445,3.0,17.0,5.0,3.0,0.0,0.0,0.0,27.0,49.0,7,0,0,0,21.0,13.2,9.9,-1.8,14.130434782608695,9.782608695652174,10.869565217391305,2.1739130434782608,0,0,9.530434782608696,
2003,Otoño,170.0,9.377777777777778,3.0,17.0,4.0,2.0,0.0,0.0,0.0,33.0,41.5,0,22,0,5,31.7,23.2,13.8,1.5,8.695652173913043,9.782608695652174,15.217391304347828,6.521739130434782,0,0,9.904347826086957,
2003,Primavera,336.2,13.941666666666668,4.0,12.0,10.0,6.0,1.0,85.0,85.0,85.0,129.5,1,20,0,1,30.0,20.3,11.5,-0.4,16.483516483516482,8.791208791208792,16.483516483516482,7.6923076923076925,0,0,10.82197802197802,
2003,Verano,292.8,11.56,3.0,9.0,12.0,4.0,1.0,52.0,0.0,52.0,81.0,0,65,0,18,37.0,27.4,18.0,8.0,11.11111111111111,12.222222222222221,16.666666666666664,12.222222222222221,0,0,10.903333333333332,
2004,Invierno,147.5,11.076923076923077,3.0,19.0,5.0,2.0,1.0,0.0,0.0,40.0,46.0,5,0,0,0,24.7,15.8,8.4,-2.3,8.695652173913043,10.869565217391305,22.82608695652174,11.956521739130435,0,0,8.69021739130435,
2004,Otoño,287.9,17.90625,3.0,18.0,9.0,7.0,2.0,49.0,0.0,49.0,98.9,0,39,0,6,33.6,22.2,13.0,1.0,8.695652173913043,5.434782608695652,16.304347826086957,23.91304347826087,17,0,10.561956521739129,
2004,Primavera,205.3,10.526315789473685,4.0,33.0,9.0,2.0,0.0,0.0,0.0,36.0,54.0,0,14,0,0,29.5,18.8,13.0,0.2,10.989010989010989,10.989010989010989,14.285714285714285,9.89010989010989,0,0,10.217582417582417,
2004,Verano,219.50000000000003,12.055555555555555,4.0,23.0,7.0,4.0,1.0,63.0,0.0,63.0,75.0,0,75,0,15,36.7,23.2,19.4,9.5,8.791208791208792,2.197802197802198,10.989010989010989,9.89010989010989,0,0,11.225274725274724,
2005,Invierno,282.09999999999997,16.176470588235293,3.0,13.0,10.0,5.0,2.0,0.0,0.0,45.0,88.5,6,1,0,0,25.5,18.8,8.8,-1.0,6.521739130434782,7.608695652173914,17.391304347826086,11.956521739130435,0,0,8.57717391304348,
2005,Otoño,198.8,13.857142857142858,2.0,19.0,6.0,3.0,2.0,108.0,0.0,57.0,63.3,0,16,0,0,31.8,19.5,10.9,1.5,17.391304347826086,13.043478260869565,7.608695652173914,10.869565217391305,0,0,10.850000000000001,
2005,Primavera,179.2,11.733333333333333,2.0,17.0,6.0,2.0,1.0,57.0,0.0,57.0,57.0,2,22,0,1,33.4,23.5,11.3,-0.2,12.087912087912088,5.4945054945054945,10.989010989010989,14.285714285714285,0,0,11.414285714285715,
2005,Verano,266.5,12.666666666666666,3.0,14.0,11.0,3.0,1.0,68.0,0.0,68.0,112.0,0,69,0,17,37.2,23.2,17.4,3.2,15.555555555555555,6.666666666666667,16.666666666666664,12.222222222222221,0,0,11.880000000000003,
2006,Invierno,155.5,9.48125,2.0,14.0,5.0,1.0,0.0,0.0,0.0,39.0,46.3,5,0,0,0,24.3,16.0,8.8,-2.0,6.521739130434782,7.608695652173914,18.478260869565215,14.130434782608695,0,0,8.844565217391304,
2006,Otoño,200.0,12.5,5.0,11.0,6.0,6.0,0.0,0.0,0.0,33.0,85.0,1,19,0,0,29.4,19.4,11.5,-0.5,11.956521739130435,14.130434782608695,3.260869565217391,4.3478260869565215,0,0,10.715217391304348,
2006,Primavera,175.0,10.294117647058824,3.0,20.0,9.0,2.0,0.0,0.0,0.0,26.0,54.0,0,19,0,1,31.9,20.7,11.0,0.6,10.989010989010989,6.593406593406594,13.186813186813188,12.087912087912088,0,0,11.498901098901097,
2006,Verano,558.4,22.272,5.0,19.0,17.0,9.0,3.0,247.0,117.0,117.0,143.0,0,67,0,17,34.4,24.2,20.0,10.0,4.444444444444445,13.333333333333334,16.666666666666664,11.11111111111111,0,0,10.562222222222223,
2007,Invierno,111.69999999999999,8.384615384615385,3.0,16.0,4.0,1.0,0.0,0.0,0.0,20.0,23.0,12,1,0,0,25.3,9.3,4.8,-3.4,16.304347826086957,22.82608695652174,0.0,2.1739130434782608,0,0,10.28695652173913,
2007,Otoño,451.0,23.63157894736842,3.0,28.0,12.0,7.0,4.0,151.0,0.0,79.0,89.0,3,21,0,2,30.2,21.2,6.3,-3.4,14.130434782608695,15.217391304347828,14.130434782608695,6.521739130434782,0,0,9.615217391304348,
2007,Primavera,409.4,15.653846153846153,6.0,12.0,13.0,6.0,3.0,113.0,0.0,65.0,135.5,0,24,0,0,30.3,18.4,13.6,2.0,13.186813186813188,9.89010989010989,16.483516483516482,10.989010989010989,0,0,10.636263736263738,
2007,Verano,158.1,10.4,4.0,20.0,7.0,3.0,0.0,0.0,0.0,25.0,67.0,0,80,0,11,37.8,24.4,21.0,7.0,14.444444444444443,3.3333333333333335,8.88888888888889,15.555555555555555,0,0,12.271111111111109,
2008,Invierno,130.6,13.0,2.0,15.0,4.0,2.0,1.0,50.0,0.0,50.0,56.0,10,1,0,0,25.7,13.9,9.6,-2.7,9.782608695652174,3.260869565217391,6.521739130434782,11.956521739130435,0,0,10.290217391304349,
2008,Otoño,188.10000000000002,14.23076923076923,3.0,23.0,5.0,4.0,1.0,0.0,0.0,46.0,55.7,3,30,0,1,29.6,20.9,9.2,-2.5,16.304347826086957,8.695652173913043,10.869565217391305,17.391304347826086,6,0,11.097826086956522,
2008,Primavera,111.8,8.916666666666666,3.0,20.0,3.0,2.0,0.0,0.0,0.0,23.0,36.0,0,30,0,5,35.2,22.2,8.7,0.1,6.593406593406594,3.296703296703297,20.87912087912088,20.87912087912088,8,0,11.098901098901099,
2008,Verano,198.0,12.3125,4.0,19.0,5.0,3.0,1.0,55.0,0.0,55.0,98.0,0,83,0,27,37.0,23.2,18.6,6.4,8.791208791208792,3.296703296703297,18.681318681318682,15.384615384615385,0,0,11.652747252747256,
2009,Invierno,159.3,17.444444444444443,2.0,27.0,5.0,2.0,1.0,65.0,0.0,65.0,77.8,10,7,0,0,29.4,17.3,7.2,-4.3,14.130434782608695,7.608695652173914,14.130434782608695,15.217391304347828,6,0,10.619565217391305,
2009,Otoño,170.7,12.071428571428571,3.0,23.0,6.0,3.0,0.0,0.0,0.0,28.0,75.0,0,38,0,2,33.1,22.0,9.3,0.1,5.434782608695652,3.260869565217391,11.956521739130435,23.91304347826087,0,0,11.159782608695652,
2009,Primavera,432.0,14.827586206896552,3.0,9.0,12.0,8.0,2.0,72.0,0.0,72.0,80.0,0,14,0,0,30.7,19.8,11.4,0.5,12.087912087912088,8.791208791208792,12.087912087912088,0.0,0,0,9.94945054945055,
2009,Verano,274.5,14.368421052631579,5.0,15.0,9.0,5.0,1.0,71.0,0.0,71.0,71.0,0,73,0,20,37.3,22.2,17.4,7.2,8.88888888888889,10.0,13.333333333333334,12.222222222222221,0,0,11.45111111111111,
2010,Invierno,159.3,11.25,3.0,26.0,6.0,2.0,0.0,0.0,0.0,39.0,49.0,7,0,0,0,23.9,17.1,8.2,-5.4,11.956521739130435,8.695652173913043,8.695652173913043,10.869565217391305,0,0,9.640217391304347,
2010,Otoño,253.5,19.384615384615383,3.0,19.0,7.0,6.0,2.0,110.0,0.0,61.0,63.0,0,24,0,1,30.2,22.0,12.7,1.3,9.782608695652174,5.434782608695652,15.217391304347828,9.782608695652174,0,0,10.415217391304347,
2010,Primavera,164.0,9.055555555555555,3.0,14.0,6.0,2.0,0.0,0.0,0.0,34.0,43.0,0,14,0,0,30.0,17.8,11.2,1.6,9.89010989010989,4.395604395604396,3.296703296703297,5.4945054945054945,0,0,11.275824175824175,
2010,Verano,435.5,21.6,2.0,15.0,14.0,7.0,5.0,212.0,0.0,60.0,117.0,0,74,0,25,36.0,25.2,19.2,8.6,3.3333333333333335,7.777777777777778,23.333333333333332,3.3333333333333335,0,0,10.865555555555556,
2011,Invierno,244.5,22.09090909090909,3.0,25.0,6.0,5.0,3.0,66.0,0.0,66.0,87.0,17,0,0,0,22.4,14.0,8.3,-3.8,19.565217391304348,16.304347826086957,10.869565217391305,6.521739130434782,0,0,9.222826086956522,
2011,Otoño,139.1,8.4375,2.0,12.0,5.0,1.0,0.0,0.0,0.0,22.0,34.0,0,28,0,3,32.5,21.0,12.0,1.0,13.043478260869565,3.260869565217391,9.782608695652174,17.391304347826086,0,0,11.831521739130435,
2011,Primavera,157.0,11.214285714285714,2.0,15.0,8.0,2.0,0.0,0.0,0.0,25.0,36.0,0,21,0,2,32.0,20.5,12.1,1.4,8.791208791208792,1.098901098901099,9.89010989010989,12.087912087912088,0,0,11.310989010989013,
2011,Verano,251.0,13.777777777777779,3.0,14.0,7.0,4.0,1.0,55.0,0.0,55.0,80.3,0,74,0,14,33.5,22.5,21.9,4.8,8.88888888888889,2.2222222222222223,7.777777777777778,1.1111111111111112,0,0,11.416666666666666,
2012,Invierno,268.8,16.5,4.0,21.0,8.0,5.0,1.0,75.0,0.0,75.0,95.7,13,1,0,0,26.0,16.7,9.0,-4.3,17.391304347826086,14.130434782608695,10.869565217391305,10.869565217391305,0,0,9.63804347826087,
2012,Otoño,195.1,12.866666666666667,3.0,10.0,6.0,5.0,1.0,0.0,0.0,41.0,54.0,0,23,0,2,30.6,21.0,12.2,0.0,5.434782608695652,8.695652173913043,14.130434782608695,13.043478260869565,0,0,10.010869565217392,
2012,Primavera,278.0,16.058823529411764,3.0,12.0,12.0,5.0,0.0,0.0,0.0,39.0,74.6,0,18,0,2,33.5,21.6,12.3,0.7,4.395604395604396,5.4945054945054945,13.186813186813188,18.681318681318682,0,0,10.150549450549452,
2012,Verano,380.8,22.235294117647058,3.0,10.0,11.0,6.0,4.0,176.0,0.0,63.0,64.0,0,80,0,25,38.4,25.8,22.5,10.6,3.296703296703297,1.098901098901099,17.582417582417584,21.978021978021978,0,0,11.76923076923077,
2013,Invierno,94.5,13.0,3.0,39.0,3.0,2.0,0.0,0.0,0.0,39.0,72.1,16,0,0,0,23.8,16.0,6.5,-2.6,19.565217391304348,6.521739130434782,8.695652173913043,20.652173913043477,0,0,10.589130434782607,
2013,Otoño,442.0,25.823529411764707,3.0,15.0,8.0,5.0,3.0,263.0,263.0,181.0,196.2,0,21,0,0,28.6,19.4,12.6,1.8,13.043478260869565,17.391304347826086,6.521739130434782,13.043478260869565,0,0,10.879347826086956,
2013,Primavera,354.4,17.65,4.0,11.0,10.0,8.0,3.0,147.0,0.0,53.0,77.0,1,23,0,1,31.5,21.0,10.0,-0.8,9.89010989010989,10.989010989010989,17.582417582417584,10.989010989010989,0,0,9.91978021978022,
2013,Verano,191.9,15.833333333333334,2.0,23.0,6.0,4.0,1.0,0.0,0.0,45.0,70.0,0,73,0,28,39.0,25.0,18.7,6.4,8.88888888888889,11.11111111111111,24.444444444444443,13.333333333333334,0,0,11.828888888888887,
2014,Invierno,256.8,17.066666666666666,3.0,20.0,9.0,6.0,2.0,54.0,0.0,54.0,68.0,6,2,0,0,26.5,15.7,9.1,-1.9,8.695652173913043,3.260869565217391,16.304347826086957,13.043478260869565,7,0,10.147826086956522,
2014,Otoño,294.5,14.6,2.0,21.0,10.0,7.0,1.0,0.0,0.0,40.0,65.0,0,13,0,1,28.1,20.8,12.2,0.3,6.521739130434782,9.782608695652174,13.043478260869565,1.0869565217391304,0,0,9.41304347826087,
2014,Primavera,469.5,17.96153846153846,4.0,15.0,12.0,9.0,5.0,231.0,0.0,70.0,109.0,0,25,0,1,32.6,20.6,15.3,2.6,3.296703296703297,3.296703296703297,21.978021978021978,7.6923076923076925,0,0,10.16923076923077,
2014,Verano,476.8,16.964285714285715,4.0,12.0,16.0,8.0,3.0,172.0,0.0,67.0,133.0,0,71,0,20,37.2,24.6,21.1,8.0,11.11111111111111,8.88888888888889,14.444444444444443,8.88888888888889,0,0,10.676666666666666,
2015,Invierno,295.1,20.714285714285715,3.0,17.0,8.0,4.0,3.0,82.0,82.0,82.0,159.0,8,0,0,0,25.0,15.7,10.5,-3.6,7.608695652173914,2.1739130434782608,17.391304347826086,15.217391304347828,6,0,10.18586956521739,
2015,Otoño,127.2,15.625,2.0,37.0,4.0,2.0,1.0,0.0,0.0,45.0,47.0,0,39,0,4,32.0,21.2,15.2,1.6,4.3478260869565215,3.260869565217391,22.82608695652174,32.608695652173914,8,0,11.44782608695652,
2015,Primavera,230.0,14.3125,2.0,11.0,8.0,3.0,1.0,48.0,0.0,48.0,57.0,0,11,0,0,29.5,19.1,10.5,1.0,13.186813186813188,7.6923076923076925,5.4945054945054945,9.89010989010989,0,0,10.26923076923077,
2015,Verano,260.3,15.176470588235293,2.0,13.0,11.0,4.0,1.0,56.0,0.0,56.0,56.0,0,69,0,18,35.5,24.6,21.0,6.4,10.0,10.0,12.222222222222221,4.444444444444445,0,0,11.0,
2016,Invierno,288.3,16.823529411764707,6.0,17.0,9.0,4.0,2.0,74.0,0.0,74.0,127.0,6,1,0,0,25.7,12.0,10.0,-2.5,7.608695652173914,6.521739130434782,4.3478260869565215,6.521739130434782,0,0,9.505434782608695,
2016,Otoño,331.09999999999997,13.08,5.0,20.0,9.0,6.0,2.0,59.0,0.0,59.0,72.0,0,14,0,2,31.6,20.8,12.4,1.5,15.217391304347828,25.0,7.608695652173914,7.608695652173914,0,0,9.196739130434782,
2016,Primavera,225.9,12.333333333333334,3.0,18.0,11.0,3.0,0.0,0.0,0.0,33.0,55.0,0,18,0,0,32.0,19.8,10.2,0.5,10.989010989010989,7.6923076923076925,13.186813186813188,10.989010989010989,0,0,9.967032967032967,
2016,Verano,300.40000000000003,14.9,3.0,13.0,9.0,6.0,2.0,105.0,0.0,54.0,107.0,0,87,0,24,36.5,24.1,23.0,7.3,5.4945054945054945,1.098901098901099,23.076923076923077,13.186813186813188,0,0,11.73296703296703,
2017,Invierno,213.7,13.125,3.0,34.0,9.0,5.0,0.0,0.0,0.0,38.0,64.1,3,0,0,0,24.4,16.4,9.0,-2.2,5.434782608695652,3.260869565217391,31.521739130434785,20.652173913043477,0,0,8.85108695652174,
2017,Otoño,297.2,19.6,3.0,17.0,8.0,7.0,1.0,82.0,82.0,82.0,120.0,0,28,0,4,33.0,23.1,14.0,2.2,4.3478260869565215,4.3478260869565215,20.652173913043477,17.391304347826086,0,0,9.671739130434782,
2017,Primavera,228.0,11.4,3.0,12.0,9.0,3.0,1.0,0.0,0.0,45.0,65.0,0,14,0,0,31.5,18.1,14.1,4.0,5.4945054945054945,4.395604395604396,8.791208791208792,9.89010989010989,0,0,10.68131868131868,
2017,Verano,411.4,19.523809523809526,2.0,13.0,13.0,8.0,4.0,155.0,0.0,53.0,92.0,0,76,0,27,36.0,24.4,19.5,8.2,7.777777777777778,10.0,22.22222222222222,14.444444444444443,9,0,11.04,
2018,Invierno,197.4,13.857142857142858,2.0,23.0,6.0,4.0,1.0,59.0,0.0,59.0,71.0,6,0,0,0,23.4,12.1,8.7,-2.9,7.608695652173914,11.956521739130435,5.434782608695652,3.260869565217391,0,0,8.721739130434782,
2018,Otoño,487.2,20.25,4.0,13.0,12.0,8.0,4.0,206.0,108.0,108.0,146.5,0,32,0,1,33.2,22.3,12.4,3.4,6.521739130434782,2.1739130434782608,27.173913043478258,26.08695652173913,0,0,10.093478260869565,
2018,Primavera,302.8,16.666666666666668,4.0,12.0,10.0,5.0,1.0,94.0,94.0,94.0,131.2,0,23,0,2,32.2,20.4,14.6,1.8,5.4945054945054945,3.296703296703297,20.87912087912088,12.087912087912088,0,0,10.215384615384616,
2018,Verano,379.0,18.95,3.0,17.0,11.0,7.0,3.0,175.0,0.0,70.0,110.0,0,74,0,16,36.4,23.4,18.4,5.2,7.777777777777778,8.88888888888889,10.0,7.777777777777778,0,0,11.574444444444442,
2019,Invierno,332.0,18.333333333333332,6.0,12.0,9.0,4.0,3.0,132.0,0.0,70.0,129.0,9,0,0,0,24.0,14.5,8.5,-3.8,7.608695652173914,9.782608695652174,16.304347826086957,10.869565217391305,0,0,9.092391304347828,
2019,Otoño,172.0,12.071428571428571,3.0,15.0,5.0,3.0,0.0,0.0,0.0,30.0,33.0,0,19,0,1,31.7,20.5,13.5,3.0,8.695652173913043,4.3478260869565215,10.869565217391305,14.130434782608695,0,0,10.594565217391304,
2019,Primavera,223.3,13.6875,3.0,20.0,7.0,4.0,2.0,55.0,0.0,55.0,92.0,2,22,0,0,33.8,19.6,10.6,-1.3,12.087912087912088,3.296703296703297,12.087912087912088,14.285714285714285,0,0,10.914285714285713,
2019,Verano,323.7,15.95,2.0,11.0,10.0,4.0,1.0,113.0,113.0,113.0,113.8,0,66,0,26,37.7,23.2,20.5,5.8,13.333333333333334,13.333333333333334,16.666666666666664,14.444444444444443,0,0,11.476666666666665,
2020,Invierno,143.6,12.70909090909091,2.0,22.0,5.0,2.0,1.0,0.0,0.0,40.0,57.0,9,2,0,0,25.3,16.4,10.5,-1.6,15.217391304347828,2.1739130434782608,17.391304347826086,10.869565217391305,0,0,9.759782608695652,
2020,Otoño,256.3,14.233333333333333,3.0,15.0,9.0,6.0,0.0,0.0,0.0,33.2,73.0,0,26,0,2,33.4,21.5,13.0,0.7,5.434782608695652,4.3478260869565215,18.478260869565215,17.391304347826086,0,0,10.34782608695652,
2020,Primavera,249.1,19.015384615384615,3.0,29.0,7.0,5.0,3.0,99.0,0.0,52.0,109.2,1,14,0,0,32.0,19.6,9.5,-0.4,12.087912087912088,6.593406593406594,7.6923076923076925,4.395604395604396,0,0,11.187912087912089,
2020,Verano,156.4,12.791666666666666,2.0,13.0,3.0,2.0,2.0,0.0,0.0,42.0,47.0,0,79,0,17,35.0,23.3,20.0,6.3,14.285714285714285,6.593406593406594,9.89010989010989,10.989010989010989,0,0,12.609890109890108,
2021,Invierno,84.2,13.25,1.0,23.0,2.0,2.0,0.0,0.0,0.0,37.0,37.7,7,1,0,0,26.6,14.1,8.5,-2.3,16.304347826086957,7.608695652173914,9.782608695652174,13.043478260869565,0,6,10.68586956521739,
2021,Otoño,215.5,14.266666666666667,3.0,16.0,8.0,4.0,1.0,53.0,0.0,53.0,63.5,0,26,0,5,32.2,22.3,12.2,0.7,11.956521739130435,4.3478260869565215,15.217391304347828,7.608695652173914,0,0,10.395652173913044,
2021,Primavera,212.1,13.14375,4.0,20.0,8.0,3.0,0.0,0.0,0.0,35.5,44.3,0,21,0,2,35.0,21.2,14.3,1.3,7.6923076923076925,1.098901098901099,16.483516483516482,10.989010989010989,0,0,10.47142857142857,
2021,Verano,238.7,15.6,3.0,25.0,7.0,5.0,0.0,0.0,0.0,35.0,99.5,0,75,0,14,36.8,24.3,20.8,8.2,3.3333333333333335,6.666666666666667,10.0,8.88888888888889,0,0,11.378888888888891,
2022,Invierno,54.2,7.5,3.0,30.0,2.0,1.0,0.0,0.0,0.0,21.0,31.0,11,1,0,0,25.8,14.5,9.7,-2.4,15.217391304347828,2.1739130434782608,4.3478260869565215,10.869565217391305,0,0,10.821739130434782,
2022,Otoño,132.3,8.666666666666666,3.0,27.0,5.0,1.0,0.0,0.0,0.0,25.5,33.5,2,22,0,0,31.3,20.0,10.4,-0.9,20.652173913043477,9.782608695652174,4.3478260869565215,9.782608695652174,0,0,11.705434782608696,
2022,Primavera,98.8,8.881818181818183,2.0,26.0,3.0,1.0,1.0,0.0,0.0,45.0,45.0,1,29,0,6,34.6,22.2,13.0,-0.9,9.89010989010989,1.098901098901099,18.681318681318682,23.076923076923077,6,0,12.441758241758242,
2022,Verano,294.6,12.652173913043478,8.0,14.0,12.0,5.0,0.0,0.0,0.0,29.0,80.0,0,74,0,25,41.0,25.4,21.4,7.8,7.777777777777778,8.88888888888889,18.88888888888889,15.555555555555555,6,0,11.442222222222224,
2023,Invierno,236.6,33.41428571428571,2.0,33.0,4.0,4.0,2.0,155.5,88.5,88.5,155.7,7,3,0,0,28.2,14.2,9.9,-2.5,7.608695652173914,2.1739130434782608,19.565217391304348,16.304347826086957,0,0,9.58695652173913,
2023,Otoño,213.0,15.085714285714285,4.0,14.0,6.0,3.0,1.0,69.1,0.0,69.1,88.1,0,36,0,14,39.1,27.0,14.0,1.2,7.608695652173914,2.1739130434782608,28.26086956521739,38.04347826086957,19,0,10.66304347826087,
2023,Primavera,253.1,13.905555555555557,2.0,21.0,8.0,4.0,2.0,110.1,0.0,58.6,75.9,0,20,0,0,30.4,19.5,11.5,0.3,10.989010989010989,9.89010989010989,7.6923076923076925,4.395604395604396,0,0,10.705494505494507,
2023,Verano,200.89999999999998,10.46842105263158,3.0,18.0,4.0,3.0,1.0,51.5,0.0,51.5,64.5,0,76,0,25,39.5,26.0,17.0,6.2,6.666666666666667,3.3333333333333335,23.333333333333332,18.88888888888889,7,0,12.153333333333336,
2024,Invierno,184.2,11.381250000000001,3.0,24.0,6.0,3.0,1.0,0.0,0.0,46.4,67.4,15,3,0,0,28.4,19.0,7.6,-5.7,20.652173913043477,11.956521739130435,11.956521739130435,13.043478260869565,0,8,10.371739130434781,
2024,Otoño,484.69999999999993,20.960869565217394,4.0,14.0,15.0,6.0,4.0,223.0,171.5,86.0,146.5,2,23,0,2,30.2,21.2,10.0,-2.2,10.869565217391305,20.652173913043477,14.130434782608695,5.434782608695652,0,0,9.728260869565217,
2024,Primavera,180.3,11.1625,3.0,18.0,7.0,2.0,1.0,0.0,0.0,40.1,46.800000000000004,0,29,0,1,32.0,20.7,14.6,1.0,4.395604395604396,0.0,21.978021978021978,16.483516483516482,0,0,11.394505494505493,
2024,Verano,314.7,22.335714285714285,4.0,20.0,6.0,4.0,2.0,182.5,121.5,121.5,224.5,0,75,0,22,36.6,23.6,19.8,5.6,8.791208791208792,6.593406593406594,16.483516483516482,8.791208791208792,0,0,11.185714285714287,
